ID,location,pressure_dbar,temperature,salinity_permil,DO_mg_L,depth
id0001,wP01,0.3,17.34,31.895,8.735,0.29812692
id0002,wP01,0.4,17.337,31.874,8.713,0.397502464
id0003,wP01,0.5,17.33,31.848,8.707,0.496877959
id0004,wP01,0.6,17.343,31.947,8.691,0.596253407
id0005,wP01,0.7,17.367,31.829,8.657,0.695628805
id0006,wP01,0.8,17.327,31.796,8.62,0.795004156
id0007,wP01,0.9,17.319,31.788,8.601,0.894379459
id0008,wP01,1,17.317,31.788,8.604,0.993754713
id0009,wP01,1.1,17.316,31.787,8.597,1.093129919
id0010,wP01,1.2,17.316,31.787,8.596,1.192505077
id0011,wP01,1.3,17.317,31.791,8.593,1.291880187
id0012,wP01,1.4,17.317,31.785,8.585,1.391255248
id0013,wP01,1.5,17.316,31.784,8.584,1.490630262
id0014,wP01,1.6,17.315,31.785,8.582,1.590005227
id0015,wP01,1.7,17.315,31.805,8.566,1.689380143
id0016,wP01,1.8,17.325,31.815,8.552,1.788755012
id0017,wP01,1.9,17.322,31.802,8.536,1.888129832
id0018,wP01,2,17.32,31.81,8.516,1.987504605
id0019,wP01,2.1,17.319,31.81,8.502,2.086879329
id0020,wP01,2.2,17.319,31.814,8.495,2.186254004
id0021,wP01,2.3,17.32,31.809,8.505,2.285628632
id0022,wP01,2.4,17.323,31.829,8.494,2.385003211
id0023,wP01,2.5,17.323,31.816,8.464,2.484377742
id0024,wP01,2.6,17.318,31.801,8.469,2.583752225
id0025,wP01,2.7,17.319,31.799,8.45,2.68312666
id0026,wP01,2.8,17.319,31.801,8.442,2.782501046
id0027,wP01,2.9,17.318,31.812,8.441,2.881875385
id0028,wP01,3,17.319,31.806,8.433,2.981249675
id0029,wP01,3.1,17.319,31.806,8.435,3.080623916
id0030,wP01,3.2,17.318,31.801,8.436,3.17999811
id0031,wP01,3.3,17.319,31.804,8.428,3.279372255
id0032,wP01,3.4,17.321,31.827,8.394,3.378746353
id0033,wP01,3.5,17.32,31.821,8.388,3.478120402
id0034,wP01,3.6,17.319,31.829,8.39,3.577494402
id0035,wP01,3.7,17.321,31.828,8.386,3.676868355
id0036,wP01,3.8,17.326,31.845,8.37,3.776242259
id0037,wP01,3.9,17.322,31.828,8.355,3.875616115
id0038,wP01,4,17.32,31.826,8.35,3.974989923
id0039,wP01,4.1,17.32,31.826,8.344,4.074363683
id0040,wP01,4.2,17.321,31.831,8.352,4.173737394
id0041,wP01,4.3,17.32,31.831,8.352,4.273111058
id0042,wP01,4.4,17.321,31.838,8.352,4.372484673
id0043,wP01,4.5,17.325,31.865,8.339,4.47185824
id0044,wP01,4.6,17.322,31.879,8.331,4.571231758
id0045,wP01,4.7,17.325,31.857,8.341,4.670605229
id0046,wP01,4.8,17.325,31.859,8.318,4.769978651
id0047,wP01,4.9,17.325,31.847,8.31,4.869352025
id0048,wP01,5,17.324,31.845,8.31,4.968725351
id0049,wP01,5.1,17.324,31.846,8.316,5.068098628
id0050,wP01,5.2,17.324,31.843,8.321,5.167471858
id0051,wP01,5.3,17.325,31.845,8.319,5.266845039
id0052,wP01,5.4,17.334,31.855,8.301,5.366218172
id0053,wP01,5.5,17.327,31.859,8.306,5.465591256
id0054,wP01,5.6,17.326,31.858,8.305,5.564964293
id0055,wP01,5.7,17.327,31.853,8.302,5.664337281
id0056,wP01,5.8,17.326,31.851,8.3,5.763710221
id0057,wP01,5.9,17.326,31.85,8.302,5.863083113
id0058,wP01,6,17.327,31.856,8.309,5.962455957
id0059,wP01,6.1,17.331,31.848,8.288,6.061828752
id0060,wP01,6.2,17.327,31.854,8.282,6.1612015
id0061,wP01,6.3,17.327,31.857,8.295,6.260574199
id0062,wP01,6.4,17.328,31.873,8.287,6.359946849
id0063,wP01,6.5,17.333,31.862,8.269,6.459319452
id0064,wP01,6.6,17.33,31.863,8.284,6.558692007
id0065,wP01,6.7,17.329,31.862,8.282,6.658064513
id0066,wP01,6.8,17.33,31.866,8.286,6.757436971
id0067,wP01,6.9,17.331,31.864,8.284,6.856809381
id0068,wP01,7,17.332,31.865,8.268,6.956181742
id0069,wP01,7.1,17.336,31.861,8.267,7.055554055
id0070,wP01,7.2,17.336,31.864,8.268,7.154926321
id0071,wP01,7.3,17.334,31.866,8.276,7.254298538
id0072,wP01,7.4,17.332,31.869,8.28,7.353670706
id0073,wP01,7.5,17.333,31.87,8.28,7.453042827
id0074,wP01,7.6,17.334,31.867,8.273,7.552414899
id0075,wP01,7.7,17.334,31.865,8.281,7.651786923
id0076,wP01,7.8,17.334,31.879,8.286,7.751158899
id0077,wP02,0.3,17.397,31.96,8.749,0.29812692
id0078,wP02,0.4,17.389,31.927,8.711,0.397502464
id0079,wP02,0.5,17.398,31.934,8.679,0.496877959
id0080,wP02,0.6,17.397,31.951,8.647,0.596253407
id0081,wP02,0.7,17.393,31.967,8.614,0.695628805
id0082,wP02,0.8,17.376,31.921,8.592,0.795004156
id0083,wP02,0.9,17.371,31.912,8.569,0.894379459
id0084,wP02,1,17.379,31.91,8.566,0.993754713
id0085,wP02,1.1,17.374,31.948,8.535,1.093129919
id0086,wP02,1.2,17.372,31.919,8.523,1.192505077
id0087,wP02,1.3,17.374,31.908,8.521,1.291880187
id0088,wP02,1.4,17.375,31.907,8.518,1.391255248
id0089,wP02,1.5,17.378,31.904,8.509,1.490630262
id0090,wP02,1.6,17.377,31.908,8.51,1.590005227
id0091,wP02,1.7,17.373,31.909,8.483,1.689380143
id0092,wP02,1.8,17.374,31.904,8.481,1.788755012
id0093,wP02,1.9,17.371,31.904,8.475,1.888129832
id0094,wP02,2,17.367,31.906,8.47,1.987504605
id0095,wP02,2.1,17.366,31.909,8.467,2.086879329
id0096,wP02,2.2,17.365,31.905,8.448,2.186254004
id0097,wP02,2.3,17.365,31.907,8.445,2.285628632
id0098,wP02,2.4,17.365,31.903,8.44,2.385003211
id0099,wP02,2.5,17.364,31.906,8.445,2.484377742
id0100,wP02,2.6,17.361,31.904,8.423,2.583752225
id0101,wP02,2.7,17.359,31.903,8.402,2.68312666
id0102,wP02,2.8,17.359,31.903,8.384,2.782501046
id0103,wP02,2.9,17.358,31.901,8.376,2.881875385
id0104,wP02,3,17.358,31.904,8.389,2.981249675
id0105,wP02,3.1,17.357,31.905,8.366,3.080623916
id0106,wP02,3.2,17.357,31.901,8.36,3.17999811
id0107,wP02,3.3,17.358,31.9,8.349,3.279372255
id0108,wP02,3.4,17.358,31.899,8.356,3.378746353
id0109,wP02,3.5,17.359,31.912,8.362,3.478120402
id0110,wP02,3.6,17.359,31.902,8.352,3.577494402
id0111,wP02,3.7,17.358,31.902,8.343,3.676868355
id0112,wP02,3.8,17.358,31.9,8.34,3.776242259
id0113,wP02,3.9,17.359,31.898,8.349,3.875616115
id0114,wP02,4,17.358,31.903,8.344,3.974989923
id0115,wP02,4.1,17.359,31.902,8.336,4.074363683
id0116,wP02,4.2,17.359,31.901,8.346,4.173737394
id0117,wP02,4.3,17.359,31.901,8.337,4.273111058
id0118,wP02,4.4,17.359,31.9,8.343,4.372484673
id0119,wP02,4.5,17.359,31.901,8.345,4.47185824
id0120,wP02,4.6,17.36,31.906,8.338,4.571231758
id0121,wP02,4.7,17.36,31.897,8.321,4.670605229
id0122,wP02,4.8,17.359,31.901,8.33,4.769978651
id0123,wP02,4.9,17.359,31.903,8.315,4.869352025
id0124,wP02,5,17.359,31.9,8.333,4.968725351
id0125,wP02,5.1,17.359,31.901,8.34,5.068098628
id0126,wP02,5.2,17.357,31.899,8.337,5.167471858
id0127,wP02,5.3,17.355,31.899,8.335,5.266845039
id0128,wP02,5.4,17.354,31.9,8.341,5.366218172
id0129,wP02,5.5,17.353,31.899,8.329,5.465591256
id0130,wP02,5.6,17.355,31.899,8.331,5.564964293
id0131,wP02,5.7,17.357,31.9,8.334,5.664337281
id0132,wP02,5.8,17.357,31.897,8.336,5.763710221
id0133,wP02,5.9,17.356,31.893,8.34,5.863083113
id0134,wP02,6,17.355,31.898,8.334,5.962455957
id0135,wP02,6.1,17.353,31.899,8.323,6.061828752
id0136,wP02,6.2,17.353,31.894,8.31,6.1612015
id0137,wP02,6.3,17.352,31.894,8.308,6.260574199
id0138,wP02,6.4,17.352,31.894,8.307,6.359946849
id0139,wP02,6.5,17.352,31.895,8.305,6.459319452
id0140,wP02,6.6,17.351,31.897,8.289,6.558692007
id0141,wP02,6.7,17.352,31.897,8.307,6.658064513
id0142,wP02,6.8,17.351,31.893,8.302,6.757436971
id0143,wP02,6.9,17.351,31.897,8.297,6.856809381
id0144,wP02,7,17.351,31.898,8.286,6.956181742
id0145,wP02,7.1,17.352,31.894,8.284,7.055554055
id0146,wP02,7.2,17.352,31.895,8.283,7.154926321
id0147,wP02,7.3,17.352,31.896,8.289,7.254298538
id0148,wP02,7.4,17.353,31.896,8.286,7.353670706
id0149,wP02,7.5,17.352,31.895,8.28,7.453042827
id0150,wP02,7.6,17.352,31.897,8.278,7.552414899
id0151,wP02,7.7,17.352,31.896,8.264,7.651786923
id0152,wP02,7.8,17.352,31.896,8.274,7.751158899
id0153,wP02,7.9,17.352,31.897,8.281,7.850530827
id0154,wP02,8,17.353,31.896,8.27,7.949902707
id0155,wP02,8.1,17.352,31.896,8.272,8.049274538
id0156,wP02,8.2,17.352,31.895,8.273,8.148646321
id0157,wP02,8.3,17.352,31.893,8.273,8.248018056
id0158,wP02,8.4,17.353,31.895,8.272,8.347389743
id0159,wP02,8.5,17.353,31.897,8.26,8.446761381
id0160,wP02,8.6,17.352,31.897,8.26,8.546132971
id0161,wP02,8.7,17.353,31.895,8.263,8.645504513
id0162,wP02,8.8,17.353,31.897,8.262,8.744876007
id0163,wP02,8.9,17.353,31.894,8.268,8.844247453
id0164,wP02,9,17.353,31.896,8.263,8.94361885
id0165,wP02,9.1,17.354,31.895,8.253,9.0429902
id0166,wP02,9.2,17.354,NA,8.256,9.142361501
id0167,wP02,9.3,17.357,NA,NA,9.241732754
id0168,wP03,0.3,17.313,31.566,8.769,0.29812692
id0169,wP03,0.4,17.315,31.595,8.741,0.397502464
id0170,wP03,0.5,17.315,31.611,8.71,0.496877959
id0171,wP03,0.6,17.315,31.621,8.698,0.596253407
id0172,wP03,0.7,17.315,31.615,8.618,0.695628805
id0173,wP03,0.8,17.318,31.63,8.611,0.795004156
id0174,wP03,0.9,17.322,31.637,8.6,0.894379459
id0175,wP03,1,17.321,31.643,8.583,0.993754713
id0176,wP03,1.1,17.32,31.634,8.59,1.093129919
id0177,wP03,1.2,17.32,31.619,8.582,1.192505077
id0178,wP03,1.3,17.324,31.661,8.59,1.291880187
id0179,wP03,1.4,17.327,31.679,8.586,1.391255248
id0180,wP03,1.5,17.332,31.692,8.586,1.490630262
id0181,wP03,1.6,17.331,31.681,8.599,1.590005227
id0182,wP03,1.7,17.335,31.701,8.585,1.689380143
id0183,wP03,1.8,17.335,31.691,8.59,1.788755012
id0184,wP03,1.9,17.335,31.701,8.591,1.888129832
id0185,wP03,2,17.336,31.702,8.59,1.987504605
id0186,wP03,2.1,17.337,31.704,8.613,2.086879329
id0187,wP03,2.2,17.338,31.701,8.583,2.186254004
id0188,wP03,2.3,17.344,31.732,8.602,2.285628632
id0189,wP03,2.4,17.348,31.783,8.588,2.385003211
id0190,wP03,2.5,17.351,31.782,8.584,2.484377742
id0191,wP03,2.6,17.359,31.811,8.583,2.583752225
id0192,wP03,2.7,17.361,31.785,8.581,2.68312666
id0193,wP03,2.8,17.363,31.753,8.577,2.782501046
id0194,wP03,2.9,17.363,31.772,8.575,2.881875385
id0195,wP03,3,17.357,31.733,8.574,2.981249675
id0196,wP03,3.1,17.359,31.738,8.568,3.080623916
id0197,wP03,3.2,17.362,31.745,8.574,3.17999811
id0198,wP03,3.3,17.362,31.789,8.575,3.279372255
id0199,wP03,3.4,17.362,31.776,8.576,3.378746353
id0200,wP03,3.5,17.36,31.78,8.584,3.478120402
id0201,wP03,3.6,17.362,31.775,8.603,3.577494402
id0202,wP03,3.7,17.363,31.749,8.602,3.676868355
id0203,wP03,3.8,17.362,31.733,8.603,3.776242259
id0204,wP03,3.9,17.362,31.727,8.609,3.875616115
id0205,wP03,4,17.364,31.718,8.59,3.974989923
id0206,wP03,4.1,17.363,31.735,8.559,4.074363683
id0207,wP03,4.2,17.365,31.721,8.552,4.173737394
id0208,wP03,4.3,17.362,31.718,8.534,4.273111058
id0209,wP03,4.4,17.362,31.727,8.523,4.372484673
id0210,wP03,4.5,17.363,31.746,8.521,4.47185824
id0211,wP03,4.6,17.364,31.695,8.519,4.571231758
id0212,wP03,4.7,17.354,31.671,8.544,4.670605229
id0213,wP03,4.8,17.347,31.663,8.541,4.769978651
id0214,wP03,4.9,17.346,31.668,8.528,4.869352025
id0215,wP03,5,17.345,31.675,8.522,4.968725351
id0216,wP03,5.1,17.347,31.676,8.502,5.068098628
id0217,wP03,5.2,17.347,31.681,8.502,5.167471858
id0218,wP03,5.3,17.346,31.682,8.491,5.266845039
id0219,wP03,5.4,17.343,31.701,8.484,5.366218172
id0220,wP03,5.5,17.345,31.698,8.482,5.465591256
id0221,wP03,5.6,17.362,31.741,8.488,5.564964293
id0222,wP03,5.7,17.365,31.739,8.484,5.664337281
id0223,wP03,5.8,17.365,31.725,8.487,5.763710221
id0224,wP03,5.9,17.362,31.716,8.494,5.863083113
id0225,wP03,6,17.361,31.717,8.484,5.962455957
id0226,wP03,6.1,17.362,31.725,8.498,6.061828752
id0227,wP03,6.2,17.363,31.728,8.469,6.1612015
id0228,wP03,6.3,17.37,31.773,8.467,6.260574199
id0229,wP03,6.4,17.365,31.718,8.477,6.359946849
id0230,wP03,6.5,17.363,31.718,8.473,6.459319452
id0231,wP03,6.6,17.363,31.737,8.483,6.558692007
id0232,wP03,6.7,17.366,31.738,8.481,6.658064513
id0233,wP03,6.8,17.359,31.778,8.466,6.757436971
id0234,wP03,6.9,17.344,31.814,8.465,6.856809381
id0235,wP03,7,17.355,31.781,8.472,6.956181742
id0236,wP03,7.1,17.347,31.805,8.469,7.055554055
id0237,wP03,7.2,17.322,31.829,8.467,7.154926321
id0238,wP03,7.3,17.319,31.837,8.459,7.254298538
id0239,wP03,7.4,17.317,31.833,8.454,7.353670706
id0240,wP03,7.5,17.316,31.835,8.457,7.453042827
id0241,wP03,7.6,17.317,31.843,8.457,7.552414899
id0242,wP03,7.7,17.323,31.842,8.449,7.651786923
id0243,wP03,7.8,17.322,31.84,8.447,7.751158899
id0244,wP03,7.9,17.32,31.841,8.448,7.850530827
id0245,wP03,8,17.321,31.839,8.429,7.949902707
id0246,wP03,8.1,17.321,31.844,8.429,8.049274538
id0247,wP03,8.2,17.334,31.867,8.433,8.148646321
id0248,wP03,8.3,17.339,31.87,8.429,8.248018056
id0249,wP03,8.4,17.342,31.877,8.423,8.347389743
id0250,wP03,8.5,17.343,31.874,8.421,8.446761381
id0251,wP03,8.6,17.344,31.873,8.424,8.546132971
id0252,wP03,8.7,17.35,31.884,8.426,8.645504513
id0253,wP03,8.8,17.37,31.939,8.43,8.744876007
id0254,wP03,8.9,17.377,31.938,8.425,8.844247453
id0255,wP03,9,17.377,31.957,8.428,8.94361885
id0256,wP03,9.1,17.382,31.949,8.449,9.0429902
id0257,wP03,9.2,17.382,31.945,8.453,9.142361501
id0258,wP03,9.3,17.386,31.959,8.454,9.241732754
id0259,wP03,9.4,17.388,31.966,8.467,9.341103958
id0260,wP03,9.5,17.383,31.978,8.479,9.440475115
id0261,wP03,9.6,17.38,31.964,8.47,9.539846223
id0262,wP03,9.7,17.383,31.996,8.481,9.639217283
id0263,wP03,9.8,17.389,31.995,8.483,9.738588295
id0264,wP03,9.9,17.391,31.994,8.491,9.837959258
id0265,wP03,10,17.393,31.991,8.489,9.937330174
id0266,wP03,10.1,17.391,31.991,8.498,10.03670104
id0267,wP03,10.2,17.39,31.994,8.5,10.13607186
id0268,wP03,10.3,17.391,31.964,8.482,10.23544263
id0269,wP04,0.3,17.485,32.013,9.356,0.29812692
id0270,wP04,0.4,17.507,31.989,9.316,0.397502464
id0271,wP04,0.5,17.522,31.986,9.25,0.496877959
id0272,wP04,0.6,17.526,31.989,9.185,0.596253407
id0273,wP04,0.7,17.521,31.972,9.142,0.695628805
id0274,wP04,0.8,17.509,31.966,9.094,0.795004156
id0275,wP04,0.9,17.495,31.983,9.067,0.894379459
id0276,wP04,1,17.488,31.992,9.032,0.993754713
id0277,wP04,1.1,17.488,31.983,8.974,1.093129919
id0278,wP04,1.2,17.495,31.973,8.936,1.192505077
id0279,wP04,1.3,17.488,31.988,8.915,1.291880187
id0280,wP04,1.4,17.486,31.988,8.905,1.391255248
id0281,wP04,1.5,17.479,31.985,8.883,1.490630262
id0282,wP04,1.6,17.47,31.985,8.863,1.590005227
id0283,wP04,1.7,17.46,31.991,8.835,1.689380143
id0284,wP04,1.8,17.461,31.995,8.829,1.788755012
id0285,wP04,1.9,17.461,31.986,8.807,1.888129832
id0286,wP04,2,17.459,31.99,8.802,1.987504605
id0287,wP04,2.1,17.457,31.996,8.785,2.086879329
id0288,wP04,2.2,17.454,31.991,8.774,2.186254004
id0289,wP04,2.3,17.449,31.995,8.76,2.285628632
id0290,wP04,2.4,17.446,32,8.752,2.385003211
id0291,wP04,2.5,17.45,32.005,8.735,2.484377742
id0292,wP04,2.6,17.457,32.007,8.731,2.583752225
id0293,wP04,2.7,17.461,32.001,8.724,2.68312666
id0294,wP04,2.8,17.461,32.002,8.725,2.782501046
id0295,wP04,2.9,17.46,32.004,8.719,2.881875385
id0296,wP04,3,17.46,32.004,8.715,2.981249675
id0297,wP04,3.1,17.46,32.006,8.702,3.080623916
id0298,wP04,3.2,17.458,31.996,8.697,3.17999811
id0299,wP04,3.3,17.454,31.996,8.705,3.279372255
id0300,wP04,3.4,17.451,31.998,8.701,3.378746353
id0301,wP04,3.5,17.448,32.007,8.698,3.478120402
id0302,wP04,3.6,17.445,32.011,8.693,3.577494402
id0303,wP04,3.7,17.449,32.026,8.679,3.676868355
id0304,wP04,3.8,17.463,32.01,8.671,3.776242259
id0305,wP04,3.9,17.472,31.988,8.666,3.875616115
id0306,wP04,4,17.462,31.98,8.673,3.974989923
id0307,wP04,4.1,17.445,31.996,8.669,4.074363683
id0308,wP04,4.2,17.441,32.007,8.67,4.173737394
id0309,wP04,4.3,17.44,32.015,8.663,4.273111058
id0310,wP04,4.4,17.445,32.016,8.661,4.372484673
id0311,wP04,4.5,17.442,31.996,8.663,4.47185824
id0312,wP04,4.6,17.433,32.012,8.645,4.571231758
id0313,wP04,4.7,17.433,32.011,8.639,4.670605229
id0314,wP04,4.8,17.434,32.006,8.646,4.769978651
id0315,wP04,4.9,17.433,32.006,8.641,4.869352025
id0316,wP04,5,17.431,32.01,8.629,4.968725351
id0317,wP04,5.1,17.43,32.009,8.629,5.068098628
id0318,wP04,5.2,17.43,32.008,8.627,5.167471858
id0319,wP04,5.3,17.43,32.007,8.619,5.266845039
id0320,wP04,5.4,17.429,32.008,8.619,5.366218172
id0321,wP04,5.5,17.428,32.01,8.609,5.465591256
id0322,wP04,5.6,17.422,32.002,8.604,5.564964293
id0323,wP04,5.7,17.417,32.01,8.593,5.664337281
id0324,wP04,5.8,17.415,32.014,8.595,5.763710221
id0325,wP04,5.9,17.416,32.013,8.597,5.863083113
id0326,wP04,6,17.417,32.012,8.597,5.962455957
id0327,wP04,6.1,17.418,32.011,8.59,6.061828752
id0328,wP04,6.2,17.416,32.013,8.588,6.1612015
id0329,wP04,6.3,17.416,32.013,8.59,6.260574199
id0330,wP04,6.4,17.417,32.011,8.58,6.359946849
id0331,wP04,6.5,17.415,32.013,8.583,6.459319452
id0332,wP04,6.6,17.414,32.014,8.577,6.558692007
id0333,wP04,6.7,17.413,32.015,8.561,6.658064513
id0334,wP04,6.8,17.413,32.015,8.56,6.757436971
id0335,wP04,6.9,17.413,32.014,8.559,6.856809381
id0336,wP04,7,17.414,32.015,8.573,6.956181742
id0337,wP04,7.1,17.413,32.014,8.573,7.055554055
id0338,wP04,7.2,17.413,32.015,8.569,7.154926321
id0339,wP04,7.3,17.413,32.015,8.562,7.254298538
id0340,wP04,7.4,17.413,32.014,8.561,7.353670706
id0341,wP04,7.5,17.413,32.014,8.55,7.453042827
id0342,wP04,7.6,17.413,32.015,8.549,7.552414899
id0343,wP04,7.7,17.412,32.015,8.557,7.651786923
id0344,wP04,7.8,17.412,32.014,8.552,7.751158899
id0345,wP04,7.9,17.411,32.016,8.548,7.850530827
id0346,wP04,8,17.411,32.016,8.54,7.949902707
id0347,wP04,8.1,17.413,32.013,8.546,8.049274538
id0348,wP04,8.2,17.414,32.014,8.541,8.148646321
id0349,wP04,8.3,17.413,32.015,8.538,8.248018056
id0350,wP04,8.4,17.414,32.014,8.547,8.347389743
id0351,wP04,8.5,17.411,32.016,8.537,8.446761381
id0352,wP04,8.6,17.411,32.015,8.529,8.546132971
id0353,wP04,8.7,17.409,32.017,8.54,8.645504513
id0354,wP04,8.8,17.41,32.018,8.532,8.744876007
id0355,wP04,8.9,17.411,32.015,8.543,8.844247453
id0356,wP04,9,17.411,32.018,8.54,8.94361885
id0357,wP04,9.1,17.41,32.018,8.542,9.0429902
id0358,wP04,9.2,17.408,32.02,8.535,9.142361501
id0359,wP04,9.3,17.406,32.019,8.536,9.241732754
id0360,wP04,9.4,17.407,32.02,8.534,9.341103958
id0361,wP04,9.5,17.406,32.019,8.543,9.440475115
id0362,wP04,9.6,17.406,32.018,8.539,9.539846223
id0363,wP04,9.7,17.407,32.02,8.524,9.639217283
id0364,wP04,9.8,17.408,32.018,8.522,9.738588295
id0365,wP04,9.9,17.408,32.017,8.521,9.837959258
id0366,wP04,10,17.408,32.019,8.527,9.937330174
id0367,wP04,10.1,17.408,32.017,8.517,10.03670104
id0368,wP04,10.2,17.409,32.018,8.505,10.13607186
id0369,wP04,10.3,17.409,32.016,8.515,10.23544263
id0370,wP04,10.4,17.409,32.016,8.511,10.33481335
id0371,wP04,10.5,17.409,32.017,8.507,10.43418403
id0372,wP04,10.6,17.408,32.017,8.509,10.53355465
id0373,wP04,10.7,17.406,32.02,8.51,10.63292523
id0374,wP04,10.8,17.407,32.019,8.511,10.73229576
id0375,wP04,10.9,17.409,32.018,8.5,10.83166624
id0376,wP04,11,17.409,32.019,8.509,10.93103668
id0377,wP04,11.1,17.408,32.018,8.502,11.03040706
id0378,wP04,11.2,17.408,32.019,8.51,11.1297774
id0379,wP04,11.3,17.409,32.019,8.5,11.22914769
id0380,wP04,11.4,17.409,32.017,8.502,11.32851793
id0381,wP05,0.1,16.84,32.058,9.543,0.099375688
id0382,wP05,0.4,17.64,31.982,8.991,0.397502464
id0383,wP05,0.5,17.624,31.983,8.956,0.496877959
id0384,wP05,0.6,17.602,31.991,8.905,0.596253407
id0385,wP05,0.7,17.582,31.995,8.896,0.695628805
id0386,wP05,0.8,17.571,32.002,8.887,0.795004156
id0387,wP05,0.9,17.569,31.981,8.866,0.894379459
id0388,wP05,1,17.541,31.994,8.853,0.993754713
id0389,wP05,1.1,17.548,32.001,8.837,1.093129919
id0390,wP05,1.2,17.56,31.992,8.811,1.192505077
id0391,wP05,1.3,17.561,31.991,8.787,1.291880187
id0392,wP05,1.4,17.536,31.991,8.774,1.391255248
id0393,wP05,1.5,17.523,31.998,8.768,1.490630262
id0394,wP05,1.6,17.528,32.003,8.761,1.590005227
id0395,wP05,1.7,17.473,31.987,8.758,1.689380143
id0396,wP05,1.8,17.422,32.002,8.728,1.788755012
id0397,wP05,1.9,17.452,32,8.717,1.888129832
id0398,wP05,2,17.425,31.999,8.692,1.987504605
id0399,wP05,2.1,17.423,32.004,8.675,2.086879329
id0400,wP05,2.2,17.42,32.005,8.649,2.186254004
id0401,wP05,2.3,17.451,32.006,8.642,2.285628632
id0402,wP05,2.4,17.444,31.999,8.61,2.385003211
id0403,wP05,2.5,17.436,32.002,8.595,2.484377742
id0404,wP05,2.6,17.427,32.004,8.587,2.583752225
id0405,wP05,2.7,17.418,32.005,8.569,2.68312666
id0406,wP05,2.8,17.418,32.007,8.566,2.782501046
id0407,wP05,2.9,17.416,32.009,8.568,2.881875385
id0408,wP05,3,17.417,32.008,8.567,2.981249675
id0409,wP05,3.1,17.418,32.007,8.549,3.080623916
id0410,wP05,3.2,17.426,32.002,8.544,3.17999811
id0411,wP05,3.3,17.415,32.005,8.534,3.279372255
id0412,wP05,3.4,17.412,32.006,8.513,3.378746353
id0413,wP05,3.5,17.411,32.009,8.516,3.478120402
id0414,wP05,3.6,17.417,32.004,8.515,3.577494402
id0415,wP05,3.7,17.419,32.011,8.498,3.676868355
id0416,wP05,3.8,17.42,32.007,8.486,3.776242259
id0417,wP05,3.9,17.415,32.003,8.492,3.875616115
id0418,wP05,4,17.411,32.003,8.485,3.974989923
id0419,wP05,4.1,17.414,32.011,8.476,4.074363683
id0420,wP05,4.2,17.411,32.009,8.482,4.173737394
id0421,wP05,4.3,17.41,32.01,8.47,4.273111058
id0422,wP05,4.4,17.408,32.008,8.477,4.372484673
id0423,wP05,4.5,17.407,32.007,8.478,4.47185824
id0424,wP05,4.6,17.405,32.009,8.459,4.571231758
id0425,wP05,4.7,17.407,32.012,8.443,4.670605229
id0426,wP05,4.8,17.408,32.01,8.448,4.769978651
id0427,wP05,4.9,17.408,32.01,8.446,4.869352025
id0428,wP05,5,17.405,32.01,8.445,4.968725351
id0429,wP05,5.1,17.408,32.009,8.443,5.068098628
id0430,wP05,5.2,17.408,32.01,8.442,5.167471858
id0431,wP05,5.3,17.408,32.01,8.433,5.266845039
id0432,wP05,5.4,17.408,32.01,8.441,5.366218172
id0433,wP05,5.5,17.405,32.009,8.433,5.465591256
id0434,wP05,5.6,17.404,32.01,8.418,5.564964293
id0435,wP05,5.7,17.404,32.009,8.421,5.664337281
id0436,wP05,5.8,17.404,32.01,8.417,5.763710221
id0437,wP05,5.9,17.404,32.007,8.421,5.863083113
id0438,wP05,6,17.404,32.013,8.416,5.962455957
id0439,wP05,6.1,17.404,32.009,8.411,6.061828752
id0440,wP05,6.2,17.402,32.012,8.412,6.1612015
id0441,wP05,6.3,17.406,32.014,8.403,6.260574199
id0442,wP05,6.4,17.407,32.011,8.401,6.359946849
id0443,wP05,6.5,17.408,32.013,8.402,6.459319452
id0444,wP05,6.6,17.407,32.01,8.403,6.558692007
id0445,wP05,6.7,17.408,32.01,8.405,6.658064513
id0446,wP05,6.8,17.406,32.01,8.413,6.757436971
id0447,wP05,6.9,17.406,32.012,8.413,6.856809381
id0448,wP05,7,17.408,32.008,8.396,6.956181742
id0449,wP05,7.1,17.408,32.012,8.41,7.055554055
id0450,wP05,7.2,17.406,32.011,8.396,7.154926321
id0451,wP05,7.3,17.404,32.009,8.411,7.254298538
id0452,wP05,7.4,17.403,32.011,8.408,7.353670706
id0453,wP05,7.5,17.403,32.011,8.398,7.453042827
id0454,wP05,7.6,17.404,32.012,8.402,7.552414899
id0455,wP05,7.7,17.404,32.012,8.403,7.651786923
id0456,wP05,7.8,17.405,32.012,8.395,7.751158899
id0457,wP05,7.9,17.405,32.013,8.4,7.850530827
id0458,wP05,8,17.404,32.009,8.399,7.949902707
id0459,wP05,8.1,17.404,32.011,8.404,8.049274538
id0460,wP05,8.2,17.404,32.012,8.383,8.148646321
id0461,wP05,8.3,17.404,32.011,8.386,8.248018056
id0462,wP05,8.4,17.404,32.01,8.388,8.347389743
id0463,wP06,0.3,17.624,31.831,9.045,0.29812692
id0464,wP06,0.4,17.617,31.8,9.004,0.397502464
id0465,wP06,0.5,17.574,31.845,8.867,0.496877959
id0466,wP06,0.6,17.582,31.865,8.854,0.596253407
id0467,wP06,0.7,17.604,31.851,8.83,0.695628805
id0468,wP06,0.8,17.584,31.832,8.821,0.795004156
id0469,wP06,0.9,17.545,31.818,8.813,0.894379459
id0470,wP06,1,17.508,31.824,8.787,0.993754713
id0471,wP06,1.1,17.493,31.843,8.78,1.093129919
id0472,wP06,1.2,17.478,31.837,8.756,1.192505077
id0473,wP06,1.3,17.46,31.839,8.756,1.291880187
id0474,wP06,1.4,17.453,31.832,8.741,1.391255248
id0475,wP06,1.5,17.439,31.849,8.691,1.490630262
id0476,wP06,1.6,17.443,31.85,8.666,1.590005227
id0477,wP06,1.7,17.443,31.844,8.657,1.689380143
id0478,wP06,1.8,17.443,31.838,8.626,1.788755012
id0479,wP06,1.9,17.439,31.827,8.598,1.888129832
id0480,wP06,2,17.439,31.853,8.563,1.987504605
id0481,wP06,2.1,17.441,31.854,8.551,2.086879329
id0482,wP06,2.2,17.441,31.853,8.547,2.186254004
id0483,wP06,2.3,17.438,31.853,8.534,2.285628632
id0484,wP06,2.4,17.436,31.85,8.53,2.385003211
id0485,wP06,2.5,17.433,31.861,8.514,2.484377742
id0486,wP06,2.6,17.434,31.863,8.511,2.583752225
id0487,wP06,2.7,17.433,31.869,8.505,2.68312666
id0488,wP06,2.8,17.433,31.873,8.493,2.782501046
id0489,wP06,2.9,17.434,31.87,8.482,2.881875385
id0490,wP06,3,17.434,31.882,8.483,2.981249675
id0491,wP06,3.1,17.433,31.873,8.493,3.080623916
id0492,wP06,3.2,17.431,31.878,8.494,3.17999811
id0493,wP06,3.3,17.43,31.882,8.485,3.279372255
id0494,wP06,3.4,17.431,31.89,8.49,3.378746353
id0495,wP06,3.5,17.428,31.897,8.486,3.478120402
id0496,wP06,3.6,17.427,31.892,8.497,3.577494402
id0497,wP06,3.7,17.428,31.895,8.491,3.676868355
id0498,wP06,3.8,17.429,31.898,8.482,3.776242259
id0499,wP06,3.9,17.427,31.903,8.489,3.875616115
id0500,wP06,4,17.424,31.906,8.495,3.974989923
id0501,wP06,4.1,17.423,31.906,8.487,4.074363683
id0502,wP06,4.2,17.419,31.916,8.48,4.173737394
id0503,wP06,4.3,17.421,31.916,8.472,4.273111058
id0504,wP06,4.4,17.416,31.923,8.476,4.372484673
id0505,wP06,4.5,17.414,31.925,8.473,4.47185824
id0506,wP06,4.6,17.414,31.922,8.466,4.571231758
id0507,wP06,4.7,17.413,31.923,8.477,4.670605229
id0508,wP06,4.8,17.413,31.924,8.481,4.769978651
id0509,wP06,4.9,17.411,31.924,8.479,4.869352025
id0510,wP06,5,17.413,31.926,8.467,4.968725351
id0511,wP06,5.1,17.412,31.924,8.466,5.068098628
id0512,wP06,5.2,17.412,31.928,8.472,5.167471858
id0513,wP06,5.3,17.409,31.931,8.458,5.266845039
id0514,wP06,5.4,17.408,31.933,8.469,5.366218172
id0515,wP06,5.5,17.408,31.932,8.467,5.465591256
id0516,wP06,5.6,17.409,31.927,8.471,5.564964293
id0517,wP06,5.7,17.402,31.908,8.464,5.664337281
id0518,wP06,5.8,17.403,31.934,8.472,5.763710221
id0519,wP06,5.9,17.402,31.938,8.471,5.863083113
id0520,wP06,6,17.4,31.941,8.455,5.962455957
id0521,wP06,6.1,17.395,31.948,8.465,6.061828752
id0522,wP06,6.2,17.397,31.946,8.472,6.1612015
id0523,wP06,6.3,17.39,31.958,8.463,6.260574199
id0524,wP06,6.4,17.389,31.96,8.465,6.359946849
id0525,wP06,6.5,17.388,31.962,8.46,6.459319452
id0526,wP06,6.6,17.385,31.969,8.455,6.558692007
id0527,wP06,6.7,17.383,31.968,8.452,6.658064513
id0528,wP06,6.8,17.383,31.97,8.46,6.757436971
id0529,wP06,6.9,17.384,31.973,8.453,6.856809381
id0530,wP06,7,17.383,31.972,8.467,6.956181742
id0531,wP06,7.1,17.386,31.989,8.457,7.055554055
id0532,wP06,7.2,17.386,31.997,8.451,7.154926321
id0533,wP06,7.3,17.387,32.001,8.441,7.254298538
id0534,wP06,7.4,17.388,32,8.438,7.353670706
id0535,wP06,7.5,17.387,32.001,8.438,7.453042827
id0536,wP06,7.6,17.386,31.999,8.436,7.552414899
id0537,wP06,7.7,17.386,32.002,8.438,7.651786923
id0538,wP06,7.8,17.387,32.005,8.432,7.751158899
id0539,wP06,7.9,17.389,32.004,8.422,7.850530827
id0540,wP06,8,17.389,32.004,8.429,7.949902707
id0541,wP06,8.1,17.389,32.007,8.427,8.049274538
id0542,wP06,8.2,17.389,32.006,8.422,8.148646321
id0543,wP06,8.3,17.39,32.004,8.424,8.248018056
id0544,wP06,8.4,17.391,32.007,8.422,8.347389743
id0545,wP06,8.5,17.39,32,NA,8.446761381
id0546,wP07,0.3,17.842,32.01,9.056,0.29812692
id0547,wP07,0.4,17.831,32.018,9.366,0.397502464
id0548,wP07,0.5,17.829,32.048,9.372,0.496877959
id0549,wP07,0.6,17.824,32.047,9.388,0.596253407
id0550,wP07,0.7,17.811,32.061,9.389,0.695628805
id0551,wP07,0.8,17.813,32.054,9.402,0.795004156
id0552,wP07,0.9,17.806,32.075,9.407,0.894379459
id0553,wP07,1,17.807,32.074,9.405,0.993754713
id0554,wP07,1.1,17.804,32.069,9.416,1.093129919
id0555,wP07,1.2,17.807,32.066,9.414,1.192505077
id0556,wP07,1.3,17.778,32.031,9.418,1.291880187
id0557,wP07,1.4,17.734,32.047,9.407,1.391255248
id0558,wP07,1.5,17.716,32.057,9.389,1.490630262
id0559,wP07,1.6,17.705,32.058,9.391,1.590005227
id0560,wP07,1.7,17.702,32.061,9.35,1.689380143
id0561,wP07,1.8,17.698,32.057,9.331,1.788755012
id0562,wP07,1.9,17.681,32.05,9.311,1.888129832
id0563,wP07,2,17.648,32.06,9.297,1.987504605
id0564,wP07,2.1,17.642,32.053,9.218,2.086879329
id0565,wP07,2.2,17.652,32.051,9.204,2.186254004
id0566,wP07,2.3,17.648,32.054,9.189,2.285628632
id0567,wP07,2.4,17.643,32.065,9.165,2.385003211
id0568,wP07,2.5,17.639,32.069,9.157,2.484377742
id0569,wP07,2.6,17.651,32.05,9.146,2.583752225
id0570,wP07,2.7,17.648,32.064,9.137,2.68312666
id0571,wP07,2.8,17.648,32.074,9.14,2.782501046
id0572,wP07,2.9,17.644,32.064,9.137,2.881875385
id0573,wP07,3,17.633,32.059,9.133,2.981249675
id0574,wP07,3.1,17.624,32.069,9.137,3.080623916
id0575,wP07,3.2,17.622,32.068,9.13,3.17999811
id0576,wP07,3.3,17.616,32.068,9.121,3.279372255
id0577,wP07,3.4,17.621,32.068,9.122,3.378746353
id0578,wP07,3.5,17.622,32.065,9.103,3.478120402
id0579,wP07,3.6,17.618,32.07,9.101,3.577494402
id0580,wP07,3.7,17.618,32.072,9.098,3.676868355
id0581,wP07,3.8,17.614,32.064,9.09,3.776242259
id0582,wP07,3.9,17.611,32.061,9.092,3.875616115
id0583,wP07,4,17.608,32.059,9.085,3.974989923
id0584,wP07,4.1,17.605,32.072,9.085,4.074363683
id0585,wP07,4.2,17.605,32.069,9.089,4.173737394
id0586,wP07,4.3,17.603,32.071,9.083,4.273111058
id0587,wP07,4.4,17.604,32.071,9.071,4.372484673
id0588,wP07,4.5,17.597,32.071,9.045,4.47185824
id0589,wP07,4.6,17.594,32.066,9.045,4.571231758
id0590,wP07,4.7,17.59,32.066,9.037,4.670605229
id0591,wP07,4.8,17.591,32.069,9.03,4.769978651
id0592,wP07,4.9,17.592,32.066,9.006,4.869352025
id0593,wP07,5,17.593,32.062,9.01,4.968725351
id0594,wP07,5.1,17.594,32.069,9.012,5.068098628
id0595,wP07,5.2,17.591,32.07,9.016,5.167471858
id0596,wP07,5.3,17.589,32.069,9.024,5.266845039
id0597,wP07,5.4,17.596,32.066,9.007,5.366218172
id0598,wP07,5.5,17.597,32.068,9.011,5.465591256
id0599,wP07,5.6,17.601,32.07,9.018,5.564964293
id0600,wP07,5.7,17.601,32.072,9.004,5.664337281
id0601,wP07,5.8,17.588,32.067,9.006,5.763710221
id0602,wP07,5.9,17.585,32.069,9.017,5.863083113
id0603,wP07,6,17.586,32.071,9.002,5.962455957
id0604,wP07,6.1,17.585,32.069,9.002,6.061828752
id0605,wP07,6.2,17.585,32.069,9.001,6.1612015
id0606,wP07,6.3,17.586,32.071,8.998,6.260574199
id0607,wP07,6.4,17.584,32.071,8.998,6.359946849
id0608,wP07,6.5,17.583,32.07,8.986,6.459319452
id0609,wP07,6.6,17.584,32.068,8.993,6.558692007
id0610,wP07,6.7,17.582,32.07,8.991,6.658064513
id0611,wP07,6.8,17.582,32.069,8.991,6.757436971
id0612,wP07,6.9,17.583,32.07,8.987,6.856809381
id0613,wP07,7,17.584,32.072,8.979,6.956181742
id0614,wP07,7.1,17.583,32.07,8.982,7.055554055
id0615,wP07,7.2,17.582,32.07,8.988,7.154926321
id0616,wP07,7.3,17.581,32.071,8.982,7.254298538
id0617,wP07,7.4,17.581,32.071,8.975,7.353670706
id0618,wP07,7.5,17.582,32.073,8.982,7.453042827
id0619,wP07,7.6,17.582,32.071,8.98,7.552414899
id0620,wP07,7.7,17.583,32.07,8.974,7.651786923
id0621,wP07,7.8,17.583,32.069,8.978,7.751158899
id0622,wP07,7.9,17.579,32.071,8.974,7.850530827
id0623,wP07,8,17.58,32.072,8.987,7.949902707
id0624,wP07,8.1,17.58,32.071,8.975,8.049274538
id0625,wP07,8.2,17.581,32.07,8.972,8.148646321
id0626,wP07,8.3,17.58,32.072,8.972,8.248018056
id0627,wP07,8.4,17.582,32.071,8.974,8.347389743
id0628,wP07,8.5,17.582,32.074,8.97,8.446761381
id0629,wP07,8.6,17.583,32.07,8.973,8.546132971
id0630,wP07,8.7,17.583,32.073,8.966,8.645504513
id0631,wP07,8.8,17.583,32.072,8.98,8.744876007
id0632,wP07,8.9,17.583,32.073,8.974,8.844247453
id0633,wP07,9,17.584,32.071,8.962,8.94361885
id0634,wP07,9.1,17.583,32.072,8.977,9.0429902
id0635,wP07,9.2,17.581,32.072,8.962,9.142361501
id0636,wP07,9.3,17.58,32.072,8.969,9.241732754
id0637,wP07,9.4,17.58,32.073,8.973,9.341103958
id0638,wP07,9.5,17.582,32.074,8.974,9.440475115
id0639,wP07,9.6,17.583,32.073,8.97,9.539846223
id0640,wP07,9.7,17.584,32.073,8.966,9.639217283
id0641,wP07,9.8,17.585,32.074,8.97,9.738588295
id0642,wP07,9.9,17.585,32.073,8.983,9.837959258
id0643,wP07,10,17.585,32.072,8.963,9.937330174
id0644,wP07,10.1,17.584,32.071,8.982,10.03670104
id0645,wP07,10.2,17.585,32.074,8.964,10.13607186
id0646,wP07,10.3,17.585,32.074,8.973,10.23544263
id0647,wP07,10.4,17.584,32.074,8.969,10.33481335
id0648,wP07,10.5,17.584,32.075,8.974,10.43418403
id0649,wP07,10.6,17.584,32.072,8.979,10.53355465
id0650,wP07,10.7,17.585,32.073,8.972,10.63292523
id0651,wP07,10.8,17.584,32.072,8.964,10.73229576
id0652,wP07,10.9,17.585,32.071,8.977,10.83166624
id0653,wP07,11,17.584,32.072,8.979,10.93103668
id0654,wP07,11.1,17.583,32.074,8.965,11.03040706
id0655,wP07,11.2,17.585,32.072,8.974,11.1297774
id0656,wP07,11.3,17.585,32.073,8.966,11.22914769
id0657,wP07,11.4,17.584,32.075,8.984,11.32851793
id0658,wP07,11.5,17.585,32.073,8.968,11.42788812
id0659,wP07,11.6,17.585,32.073,8.961,11.52725826
id0660,wP07,11.7,17.584,32.075,8.974,11.62662836
id0661,wP07,11.8,17.582,32.073,8.966,11.72599841
id0662,wP08,0.3,18.43,31.961,9.014,0.29812692
id0663,wP08,0.4,18.373,31.976,9.131,0.397502464
id0664,wP08,0.5,18.385,32.016,9.212,0.496877959
id0665,wP08,0.6,18.31,31.896,9.255,0.596253407
id0666,wP08,0.7,18.182,31.941,9.263,0.695628805
id0667,wP08,0.8,18.061,31.964,9.28,0.795004156
id0668,wP08,0.9,17.985,32.006,9.314,0.894379459
id0669,wP08,1,17.95,32.012,9.368,0.993754713
id0670,wP08,1.1,17.932,32.017,9.397,1.093129919
id0671,wP08,1.2,17.918,32.021,9.462,1.192505077
id0672,wP08,1.3,17.883,32.007,9.5,1.291880187
id0673,wP08,1.4,17.858,32.021,9.549,1.391255248
id0674,wP08,1.5,17.83,32.021,9.596,1.490630262
id0675,wP08,1.6,17.803,32.024,9.629,1.590005227
id0676,wP08,1.7,17.777,32.032,9.669,1.689380143
id0677,wP08,1.8,17.769,32.034,9.678,1.788755012
id0678,wP08,1.9,17.75,32.028,9.679,1.888129832
id0679,wP08,2,17.726,32.037,9.688,1.987504605
id0680,wP08,2.1,17.707,32.039,9.684,2.086879329
id0681,wP08,2.2,17.692,32.043,9.656,2.186254004
id0682,wP08,2.3,17.684,32.053,9.609,2.285628632
id0683,wP08,2.4,17.684,32.052,9.603,2.385003211
id0684,wP08,2.5,17.68,32.049,9.587,2.484377742
id0685,wP08,2.6,17.672,32.054,9.576,2.583752225
id0686,wP08,2.7,17.668,32.056,9.591,2.68312666
id0687,wP08,2.8,17.662,32.053,9.575,2.782501046
id0688,wP08,2.9,17.654,32.049,9.562,2.881875385
id0689,wP08,3,17.65,32.053,9.556,2.981249675
id0690,wP08,3.1,17.644,32.053,9.537,3.080623916
id0691,wP08,3.2,17.637,32.053,9.523,3.17999811
id0692,wP08,3.3,17.631,32.059,9.504,3.279372255
id0693,wP08,3.4,17.628,32.054,9.495,3.378746353
id0694,wP08,3.5,17.619,32.058,9.464,3.478120402
id0695,wP08,3.6,17.614,32.057,9.462,3.577494402
id0696,wP08,3.7,17.611,32.061,9.444,3.676868355
id0697,wP08,3.8,17.605,32.056,9.424,3.776242259
id0698,wP08,3.9,17.597,32.059,9.407,3.875616115
id0699,wP08,4,17.594,32.062,9.394,3.974989923
id0700,wP08,4.1,17.59,32.055,9.387,4.074363683
id0701,wP08,4.2,17.581,32.067,9.348,4.173737394
id0702,wP08,4.3,17.581,32.062,9.338,4.273111058
id0703,wP08,4.4,17.577,32.06,9.278,4.372484673
id0704,wP08,4.5,17.585,32.061,9.286,4.47185824
id0705,wP08,4.6,17.582,32.061,9.27,4.571231758
id0706,wP08,4.7,17.58,32.064,9.273,4.670605229
id0707,wP08,4.8,17.576,32.064,9.259,4.769978651
id0708,wP08,4.9,17.573,32.066,9.259,4.869352025
id0709,wP08,5,17.57,32.066,9.257,4.968725351
id0710,wP08,5.1,17.571,32.069,9.225,5.068098628
id0711,wP08,5.2,17.57,32.064,9.225,5.167471858
id0712,wP08,5.3,17.575,32.065,9.208,5.266845039
id0713,wP08,5.4,17.576,32.062,9.191,5.366218172
id0714,wP08,5.5,17.572,32.067,9.186,5.465591256
id0715,wP08,5.6,17.57,32.069,9.192,5.564964293
id0716,wP08,5.7,17.568,32.068,9.186,5.664337281
id0717,wP08,5.8,17.559,32.07,9.143,5.763710221
id0718,wP08,5.9,17.56,32.074,9.149,5.863083113
id0719,wP08,6,17.56,32.073,9.155,5.962455957
id0720,wP08,6.1,17.56,32.073,9.135,6.061828752
id0721,wP08,6.2,17.559,32.073,9.13,6.1612015
id0722,wP08,6.3,17.559,32.075,9.136,6.260574199
id0723,wP08,6.4,17.559,32.07,9.129,6.359946849
id0724,wP08,6.5,17.559,32.07,9.124,6.459319452
id0725,wP08,6.6,17.56,32.073,9.124,6.558692007
id0726,wP08,6.7,17.559,32.073,9.111,6.658064513
id0727,wP08,6.8,17.559,32.071,9.125,6.757436971
id0728,wP08,6.9,17.554,32.073,9.123,6.856809381
id0729,wP08,7,17.551,32.074,9.12,6.956181742
id0730,wP08,7.1,17.548,32.075,9.117,7.055554055
id0731,wP08,7.2,17.547,32.075,9.103,7.154926321
id0732,wP08,7.3,17.546,32.077,9.106,7.254298538
id0733,wP08,7.4,17.546,32.076,9.104,7.353670706
id0734,wP08,7.5,17.547,32.078,9.094,7.453042827
id0735,wP08,7.6,17.547,32.076,9.104,7.552414899
id0736,wP08,7.7,17.547,32.076,9.104,7.651786923
id0737,wP08,7.8,17.548,32.079,9.085,7.751158899
id0738,wP08,7.9,17.547,32.076,9.083,7.850530827
id0739,wP08,8,17.548,32.075,9.078,7.949902707
id0740,wP08,8.1,17.548,32.075,9.073,8.049274538
id0741,wP08,8.2,17.547,32.077,9.069,8.148646321
id0742,wP08,8.3,17.547,32.077,9.066,8.248018056
id0743,wP08,8.4,17.547,32.076,9.068,8.347389743
id0744,wP08,8.5,17.546,32.078,9.078,8.446761381
id0745,wP08,8.6,17.545,32.079,9.065,8.546132971
id0746,wP08,8.7,17.545,32.079,9.06,8.645504513
id0747,wP08,8.8,17.545,32.077,9.059,8.744876007
id0748,wP08,8.9,17.546,32.075,9.058,8.844247453
id0749,wP08,9,17.545,32.078,9.054,8.94361885
id0750,wP08,9.1,17.544,32.08,9.05,9.0429902
id0751,wP09,0.3,18.287,32.014,9.472,0.29812692
id0752,wP09,0.4,18.272,32.022,9.766,0.397502464
id0753,wP09,0.5,18.249,32.021,9.818,0.496877959
id0754,wP09,0.6,18.213,32.029,9.848,0.596253407
id0755,wP09,0.7,18.191,32.038,9.869,0.695628805
id0756,wP09,0.8,18.179,32.032,9.897,0.795004156
id0757,wP09,0.9,18.166,32.01,9.939,0.894379459
id0758,wP09,1,18.094,32.009,9.97,0.993754713
id0759,wP09,1.1,18.052,31.997,9.983,1.093129919
id0760,wP09,1.2,17.956,32.026,10.017,1.192505077
id0761,wP09,1.3,17.857,32.021,10.038,1.291880187
id0762,wP09,1.4,17.818,32.049,10.224,1.391255248
id0763,wP09,1.5,17.809,32.033,10.244,1.490630262
id0764,wP09,1.6,17.798,32.04,10.259,1.590005227
id0765,wP09,1.7,17.773,32.039,10.301,1.689380143
id0766,wP09,1.8,17.741,32.023,10.329,1.788755012
id0767,wP09,1.9,17.688,32.052,10.357,1.888129832
id0768,wP09,2,17.688,32.052,10.373,1.987504605
id0769,wP09,2.1,17.666,32.058,10.365,2.086879329
id0770,wP09,2.2,17.646,32.032,10.326,2.186254004
id0771,wP09,2.3,17.638,32.038,10.283,2.285628632
id0772,wP09,2.4,17.66,32.065,10.167,2.385003211
id0773,wP09,2.5,17.662,32.051,10.172,2.484377742
id0774,wP09,2.6,17.662,32.056,10.154,2.583752225
id0775,wP09,2.7,17.648,32.057,10.164,2.68312666
id0776,wP09,2.8,17.625,32.062,10.158,2.782501046
id0777,wP09,2.9,17.626,32.05,10.128,2.881875385
id0778,wP09,3,17.624,32.063,10.102,2.981249675
id0779,wP09,3.1,17.621,32.052,10.046,3.080623916
id0780,wP09,3.2,17.61,32.062,10.013,3.17999811
id0781,wP09,3.3,17.61,32.072,9.981,3.279372255
id0782,wP09,3.4,17.613,32.063,9.96,3.378746353
id0783,wP09,3.5,17.61,32.062,9.937,3.478120402
id0784,wP09,3.6,17.611,32.067,9.913,3.577494402
id0785,wP09,3.7,17.61,32.061,9.89,3.676868355
id0786,wP09,3.8,17.607,32.061,9.842,3.776242259
id0787,wP09,3.9,17.607,32.063,9.8,3.875616115
id0788,wP09,4,17.606,32.059,9.763,3.974989923
id0789,wP09,4.1,17.614,32.06,9.734,4.074363683
id0790,wP09,4.2,17.622,32.066,9.718,4.173737394
id0791,wP09,4.3,17.62,32.065,9.73,4.273111058
id0792,wP09,4.4,17.623,32.061,9.728,4.372484673
id0793,wP09,4.5,17.622,32.063,9.738,4.47185824
id0794,wP09,4.6,17.624,32.067,9.735,4.571231758
id0795,wP09,4.7,17.626,32.062,9.743,4.670605229
id0796,wP09,4.8,17.626,32.064,9.753,4.769978651
id0797,wP09,4.9,17.623,32.061,9.786,4.869352025
id0798,wP09,5,17.615,32.055,9.788,4.968725351
id0799,wP09,5.1,17.609,32.064,9.803,5.068098628
id0800,wP09,5.2,17.602,32.061,9.806,5.167471858
id0801,wP09,5.3,17.604,32.056,9.742,5.266845039
id0802,wP09,5.4,17.603,32.059,9.728,5.366218172
id0803,wP09,5.5,17.602,32.06,9.718,5.465591256
id0804,wP09,5.6,17.6,32.065,9.683,5.564964293
id0805,wP09,5.7,17.599,32.06,9.665,5.664337281
id0806,wP09,5.8,17.598,32.055,9.627,5.763710221
id0807,wP09,5.9,17.597,32.064,9.608,5.863083113
id0808,wP09,6,17.597,32.064,9.59,5.962455957
id0809,wP09,6.1,17.594,32.062,9.569,6.061828752
id0810,wP09,6.2,17.592,32.06,9.549,6.1612015
id0811,wP09,6.3,17.594,32.056,9.529,6.260574199
id0812,wP09,6.4,17.59,32.063,9.526,6.359946849
id0813,wP09,6.5,17.591,32.064,9.527,6.459319452
id0814,wP09,6.6,17.591,32.062,9.519,6.558692007
id0815,wP09,6.7,17.592,32.062,9.498,6.658064513
id0816,wP09,6.8,17.593,32.036,9.47,6.757436971
id0817,wP09,6.9,17.591,32.061,9.439,6.856809381
id0818,wP09,7,17.591,32.063,9.433,6.956181742
id0819,wP09,7.1,17.59,32.066,9.435,7.055554055
id0820,wP09,7.2,17.591,32.064,9.423,7.154926321
id0821,wP09,7.3,17.593,32.063,9.415,7.254298538
id0822,wP09,7.4,17.596,32.06,9.414,7.353670706
id0823,wP09,7.5,17.595,32.061,9.423,7.453042827
id0824,wP09,7.6,17.593,32.063,9.429,7.552414899
id0825,wP09,7.7,17.593,32.063,9.424,7.651786923
id0826,wP09,7.8,17.593,32.06,9.406,7.751158899
id0827,wP09,7.9,17.594,32.06,9.422,7.850530827
id0828,wP09,8,17.592,32.061,9.403,7.949902707
id0829,wP09,8.1,17.591,32.062,9.383,8.049274538
id0830,wP09,8.2,17.59,32.06,9.343,8.148646321
id0831,wP09,8.3,17.592,32.06,9.35,8.248018056
id0832,wP09,8.4,17.591,32.059,9.337,8.347389743
id0833,wP09,8.5,17.593,32.06,9.305,8.446761381
id0834,wP09,8.6,17.592,32.061,9.301,8.546132971
id0835,wP09,8.7,17.59,32.061,9.282,8.645504513
id0836,wP09,8.8,17.591,32.059,9.294,8.744876007
id0837,wP09,8.9,17.592,32.059,9.286,8.844247453
id0838,wP09,9,17.592,32.057,9.263,8.94361885
id0839,wP09,9.1,17.591,32.058,9.259,9.0429902
id0840,wP09,9.2,17.591,32.061,9.256,9.142361501
id0841,wP09,9.3,17.592,32.062,9.26,9.241732754
id0842,wP09,9.4,17.591,32.062,9.251,9.341103958
id0843,wP09,9.5,17.592,32.06,9.257,9.440475115
id0844,wP09,9.6,17.591,32.062,9.247,9.539846223
id0845,wP09,9.7,17.592,32.062,9.261,9.639217283
id0846,wP09,9.8,17.593,32.06,9.242,9.738588295
id0847,wP09,9.9,17.591,32.064,9.249,9.837959258
id0848,wP09,10,17.591,32.064,9.245,9.937330174
id0849,wP09,10.1,17.59,32.062,9.246,10.03670104
id0850,wP09,10.2,17.589,32.065,9.249,10.13607186
id0851,wP09,10.3,17.59,32.063,9.244,10.23544263
id0852,wP09,10.4,17.591,32.061,9.244,10.33481335
id0853,wP09,10.5,17.591,32.065,9.241,10.43418403
id0854,wP10,0.3,18.027,31.997,9.365,0.29812692
id0855,wP10,0.4,18.032,32.004,9.62,0.397502464
id0856,wP10,0.5,18.024,32.023,9.711,0.496877959
id0857,wP10,0.6,18.016,32.03,9.809,0.596253407
id0858,wP10,0.7,18.025,32.025,9.878,0.695628805
id0859,wP10,0.8,18.023,32.026,9.967,0.795004156
id0860,wP10,0.9,18.009,32.04,10.046,0.894379459
id0861,wP10,1,18.007,32.038,10.071,0.993754713
id0862,wP10,1.1,18,32.037,10.127,1.093129919
id0863,wP10,1.2,17.998,32.028,10.16,1.192505077
id0864,wP10,1.3,17.973,32.015,10.211,1.291880187
id0865,wP10,1.4,17.913,32.03,10.266,1.391255248
id0866,wP10,1.5,17.894,32.054,10.278,1.490630262
id0867,wP10,1.6,17.889,32.063,10.298,1.590005227
id0868,wP10,1.7,17.897,32.038,10.316,1.689380143
id0869,wP10,1.8,17.886,32.054,10.321,1.788755012
id0870,wP10,1.9,17.873,32.062,10.33,1.888129832
id0871,wP10,2,17.87,32.061,10.337,1.987504605
id0872,wP10,2.1,17.869,32.062,10.355,2.086879329
id0873,wP10,2.2,17.87,32.07,10.34,2.186254004
id0874,wP10,2.3,17.869,32.066,10.334,2.285628632
id0875,wP10,2.4,17.871,32.064,10.336,2.385003211
id0876,wP10,2.5,17.867,32.064,10.352,2.484377742
id0877,wP10,2.6,17.864,32.075,10.348,2.583752225
id0878,wP10,2.7,17.869,32.069,10.346,2.68312666
id0879,wP10,2.8,17.87,32.072,10.349,2.782501046
id0880,wP10,2.9,17.872,32.072,10.357,2.881875385
id0881,wP10,3,17.877,32.069,10.348,2.981249675
id0882,wP10,3.1,17.878,32.068,10.35,3.080623916
id0883,wP10,3.2,17.878,32.066,10.329,3.17999811
id0884,wP10,3.3,17.866,32.059,10.347,3.279372255
id0885,wP10,3.4,17.858,32.07,10.353,3.378746353
id0886,wP10,3.5,17.858,32.072,10.348,3.478120402
id0887,wP10,3.6,17.859,32.073,10.351,3.577494402
id0888,wP10,3.7,17.86,32.069,10.333,3.676868355
id0889,wP10,3.8,17.856,32.063,10.34,3.776242259
id0890,wP10,3.9,17.843,32.059,10.328,3.875616115
id0891,wP10,4,17.837,32.074,10.337,3.974989923
id0892,wP10,4.1,17.836,32.07,10.328,4.074363683
id0893,wP10,4.2,17.836,32.078,10.315,4.173737394
id0894,wP10,4.3,17.831,32.063,10.308,4.273111058
id0895,wP10,4.4,17.824,32.064,10.294,4.372484673
id0896,wP10,4.5,17.821,32.065,10.296,4.47185824
id0897,wP10,4.6,17.82,32.062,10.302,4.571231758
id0898,wP10,4.7,17.817,32.048,10.274,4.670605229
id0899,wP10,4.8,17.807,32.058,10.265,4.769978651
id0900,wP10,4.9,17.794,32.062,10.276,4.869352025
id0901,wP10,5,17.786,32.068,10.26,4.968725351
id0902,wP10,5.1,17.782,32.074,10.259,5.068098628
id0903,wP10,5.2,17.782,32.074,10.252,5.167471858
id0904,wP10,5.3,17.784,32.071,10.243,5.266845039
id0905,wP10,5.4,17.783,32.062,10.225,5.366218172
id0906,wP10,5.5,17.779,32.042,10.213,5.465591256
id0907,wP10,5.6,17.756,32.055,10.206,5.564964293
id0908,wP10,5.7,17.749,32.069,10.199,5.664337281
id0909,wP10,5.8,17.744,32.073,10.193,5.763710221
id0910,wP10,5.9,17.742,32.07,10.17,5.863083113
id0911,wP10,6,17.741,32.062,10.162,5.962455957
id0912,wP10,6.1,17.728,32.049,10.154,6.061828752
id0913,wP10,6.2,17.717,32.05,10.157,6.1612015
id0914,wP10,6.3,17.7,32.062,10.154,6.260574199
id0915,wP10,6.4,17.688,32.065,10.132,6.359946849
id0916,wP10,6.5,17.683,32.063,10.125,6.459319452
id0917,wP10,6.6,17.673,32.066,10.1,6.558692007
id0918,wP10,6.7,17.665,32.07,10.073,6.658064513
id0919,wP10,6.8,17.66,32.071,10.062,6.757436971
id0920,wP10,6.9,17.658,32.072,10.059,6.856809381
id0921,wP10,7,17.655,32.074,10.039,6.956181742
id0922,wP10,7.1,17.655,32.072,10.038,7.055554055
id0923,wP10,7.2,17.653,32.073,9.991,7.154926321
id0924,wP10,7.3,17.652,32.073,9.989,7.254298538
id0925,wP10,7.4,17.651,32.074,9.968,7.353670706
id0926,wP10,7.5,17.65,32.075,9.951,7.453042827
id0927,wP10,7.6,17.648,32.071,9.948,7.552414899
id0928,wP10,7.7,17.648,32.072,9.947,7.651786923
id0929,wP10,7.8,17.649,32.073,9.916,7.751158899
id0930,wP10,7.9,17.647,32.073,9.908,7.850530827
id0931,wP10,8,17.645,32.071,9.891,7.949902707
id0932,wP10,8.1,17.642,32.07,9.873,8.049274538
id0933,wP10,8.2,17.639,32.073,9.878,8.148646321
id0934,wP10,8.3,17.635,32.072,9.861,8.248018056
id0935,wP10,8.4,17.633,32.074,9.849,8.347389743
id0936,wP10,8.5,17.633,32.07,9.842,8.446761381
id0937,wP10,8.6,17.626,32.077,9.802,8.546132971
id0938,wP10,8.7,17.625,32.074,9.785,8.645504513
id0939,wP10,8.8,17.623,32.074,9.79,8.744876007
id0940,wP10,8.9,17.622,32.074,9.763,8.844247453
id0941,wP10,9,17.62,32.072,9.74,8.94361885
id0942,wP10,9.1,17.618,32.074,9.72,9.0429902
id0943,wP10,9.2,17.61,32.071,9.701,9.142361501
id0944,wP10,9.3,17.595,32.07,9.695,9.241732754
id0945,wP10,9.4,17.585,32.077,9.691,9.341103958
id0946,wP10,9.5,17.579,32.076,9.667,9.440475115
id0947,wP10,9.6,17.57,32.077,9.64,9.539846223
id0948,wP10,9.7,17.565,32.079,9.614,9.639217283
id0949,wP10,9.8,17.561,32.081,9.603,9.738588295
id0950,wP10,9.9,17.558,32.082,9.587,9.837959258
id0951,wP10,10,17.557,32.082,9.552,9.937330174
id0952,wP10,10.1,17.555,32.081,9.53,10.03670104
id0953,wP10,10.2,17.556,32.077,9.526,10.13607186
id0954,wP10,10.3,17.555,32.084,9.504,10.23544263
id0955,wP10,10.4,17.555,32.084,9.493,10.33481335
id0956,wP10,10.5,17.553,32.085,9.488,10.43418403
id0957,wP10,10.6,17.554,32.083,9.48,10.53355465
id0958,wP10,10.7,17.551,32.086,9.48,10.63292523
id0959,wP10,10.8,17.551,32.086,9.463,10.73229576
id0960,wP10,10.9,17.552,32.084,9.45,10.83166624
id0961,wP10,11,17.552,32.086,9.447,10.93103668
id0962,wP10,11.1,17.552,32.088,9.446,11.03040706
id0963,wP10,11.2,17.554,32.084,9.433,11.1297774
id0964,wP10,11.3,17.553,32.085,9.431,11.22914769
id0965,wP11,0.3,18.369,32.046,9.637,0.29812692
id0966,wP11,0.4,18.381,32.051,9.63,0.397502464
id0967,wP11,0.5,18.385,32.056,9.649,0.496877959
id0968,wP11,0.6,18.317,32.005,9.695,0.596253407
id0969,wP11,0.7,18.266,32.032,9.685,0.695628805
id0970,wP11,0.8,18.242,32.039,9.705,0.795004156
id0971,wP11,0.9,18.25,32.034,9.721,0.894379459
id0972,wP11,1,18.135,31.964,9.722,0.993754713
id0973,wP11,1.1,18.005,31.97,9.718,1.093129919
id0974,wP11,1.2,17.949,31.998,9.723,1.192505077
id0975,wP11,1.3,17.902,32.015,9.725,1.291880187
id0976,wP11,1.4,17.883,32.001,9.718,1.391255248
id0977,wP11,1.5,17.852,31.997,9.722,1.490630262
id0978,wP11,1.6,17.794,32.011,9.732,1.590005227
id0979,wP11,1.7,17.776,32.008,9.735,1.689380143
id0980,wP11,1.8,17.744,32.018,9.711,1.788755012
id0981,wP11,1.9,17.719,32.022,9.688,1.888129832
id0982,wP11,2,17.691,32.026,9.638,1.987504605
id0983,wP11,2.1,17.674,32.025,9.587,2.086879329
id0984,wP11,2.2,17.653,32.02,9.567,2.186254004
id0985,wP11,2.3,17.637,32.03,9.529,2.285628632
id0986,wP11,2.4,17.628,32.035,9.486,2.385003211
id0987,wP11,2.5,17.628,32.03,9.456,2.484377742
id0988,wP11,2.6,17.621,32.026,9.444,2.583752225
id0989,wP11,2.7,17.6,32.034,9.392,2.68312666
id0990,wP11,2.8,17.594,32.037,9.317,2.782501046
id0991,wP11,2.9,17.595,32.036,9.242,2.881875385
id0992,wP11,3,17.596,32.036,9.145,2.981249675
id0993,wP11,3.1,17.589,32.037,9.114,3.080623916
id0994,wP11,3.2,17.588,32.039,9.073,3.17999811
id0995,wP11,3.3,17.588,32.038,9.061,3.279372255
id0996,wP11,3.4,17.586,32.037,9.024,3.378746353
id0997,wP11,3.5,17.586,32.033,9.019,3.478120402
id0998,wP11,3.6,17.587,32.039,9.016,3.577494402
id0999,wP11,3.7,17.586,32.04,8.999,3.676868355
id1000,wP11,3.8,17.587,32.037,8.997,3.776242259
id1001,wP11,3.9,17.58,32.04,8.97,3.875616115
id1002,wP11,4,17.582,32.041,8.964,3.974989923
id1003,wP11,4.1,17.582,32.04,8.944,4.074363683
id1004,wP11,4.2,17.582,32.04,8.918,4.173737394
id1005,wP11,4.3,17.579,32.04,8.873,4.273111058
id1006,wP11,4.4,17.583,32.04,8.867,4.372484673
id1007,wP11,4.5,17.581,32.039,8.867,4.47185824
id1008,wP11,4.6,17.579,32.039,8.86,4.571231758
id1009,wP11,4.7,17.578,32.039,8.868,4.670605229
id1010,wP11,4.8,17.579,32.042,8.845,4.769978651
id1011,wP11,4.9,17.586,32.039,8.869,4.869352025
id1012,wP11,5,17.581,32.039,8.878,4.968725351
id1013,wP11,5.1,17.578,32.04,8.878,5.068098628
id1014,wP11,5.2,17.579,32.041,8.856,5.167471858
id1015,wP11,5.3,17.58,32.04,8.862,5.266845039
id1016,wP11,5.4,17.578,32.042,8.837,5.366218172
id1017,wP11,5.5,17.578,32.04,8.835,5.465591256
id1018,wP11,5.6,17.581,32.038,8.821,5.564964293
id1019,wP11,5.7,17.58,32.041,8.836,5.664337281
id1020,wP11,5.8,17.575,32.041,8.824,5.763710221
id1021,wP11,5.9,17.575,32.042,8.821,5.863083113
id1022,wP11,6,17.574,32.042,8.808,5.962455957
id1023,wP11,6.1,17.574,32.042,8.794,6.061828752
id1024,wP11,6.2,17.573,32.04,8.79,6.1612015
id1025,wP11,6.3,17.572,32.042,8.781,6.260574199
id1026,wP11,6.4,17.569,32.04,8.777,6.359946849
id1027,wP11,6.5,17.569,32.042,8.743,6.459319452
id1028,wP11,6.6,17.569,32.041,8.734,6.558692007
id1029,wP11,6.7,17.566,32.041,8.736,6.658064513
id1030,wP11,6.8,17.563,32.04,8.736,6.757436971
id1031,wP11,6.9,17.56,32.043,8.733,6.856809381
id1032,wP11,7,17.562,32.042,8.721,6.956181742
id1033,wP11,7.1,17.562,32.042,8.719,7.055554055
id1034,wP11,7.2,17.559,32.042,8.7,7.154926321
id1035,wP11,7.3,17.557,32.044,8.705,7.254298538
id1036,wP11,7.4,17.552,32.043,8.7,7.353670706
id1037,wP11,7.5,17.551,32.044,8.706,7.453042827
id1038,wP11,7.6,17.553,32.047,8.698,7.552414899
id1039,wP11,7.7,17.554,32.041,8.702,7.651786923
id1040,wP11,7.8,17.549,32.042,8.692,7.751158899
id1041,wP11,7.9,17.549,32.042,8.686,7.850530827
id1042,wP11,8,17.546,32.04,8.676,7.949902707
id1043,wP11,8.1,17.545,32.041,8.674,8.049274538
id1044,wP11,8.2,17.547,32.043,8.681,8.148646321
id1045,wP11,8.3,17.548,32.042,8.679,8.248018056
id1046,wP11,8.4,17.544,32.043,8.668,8.347389743
id1047,wP11,8.5,17.542,32.042,8.675,8.446761381
id1048,wP11,8.6,17.54,32.042,8.669,8.546132971
id1049,wP11,8.7,17.538,32.043,8.67,8.645504513
id1050,wP11,8.8,17.537,32.043,8.676,8.744876007
id1051,wP11,8.9,17.536,32.046,8.673,8.844247453
id1052,wP11,9,17.536,32.045,8.687,8.94361885
id1053,wP12,0.3,18.225,31.961,8.926,0.29812692
id1054,wP12,0.4,18.095,31.943,9.005,0.397502464
id1055,wP12,0.5,18.025,31.988,9.084,0.496877959
id1056,wP12,0.6,18.001,32.007,9.11,0.596253407
id1057,wP12,0.7,17.973,32.014,9.162,0.695628805
id1058,wP12,0.8,17.962,32.025,9.192,0.795004156
id1059,wP12,0.9,17.953,32.026,9.195,0.894379459
id1060,wP12,1,17.944,32.036,9.22,0.993754713
id1061,wP12,1.1,17.915,32.002,9.247,1.093129919
id1062,wP12,1.2,17.889,32.033,9.272,1.192505077
id1063,wP12,1.3,17.876,32.02,9.291,1.291880187
id1064,wP12,1.4,17.844,32.028,9.302,1.391255248
id1065,wP12,1.5,17.821,32.021,9.319,1.490630262
id1066,wP12,1.6,17.807,32.025,9.333,1.590005227
id1067,wP12,1.7,17.786,32.028,9.328,1.689380143
id1068,wP12,1.8,17.762,32.022,9.341,1.788755012
id1069,wP12,1.9,17.719,32.011,9.35,1.888129832
id1070,wP12,2,17.696,32.018,9.355,1.987504605
id1071,wP12,2.1,17.688,32.036,9.348,2.086879329
id1072,wP12,2.2,17.666,32.026,9.358,2.186254004
id1073,wP12,2.3,17.65,32.036,9.346,2.285628632
id1074,wP12,2.4,17.645,32.037,9.336,2.385003211
id1075,wP12,2.5,17.64,32.041,9.33,2.484377742
id1076,wP12,2.6,17.639,32.043,9.324,2.583752225
id1077,wP12,2.7,17.639,32.044,9.307,2.68312666
id1078,wP12,2.8,17.64,32.045,9.276,2.782501046
id1079,wP12,2.9,17.639,32.044,9.263,2.881875385
id1080,wP12,3,17.638,32.043,9.262,2.981249675
id1081,wP12,3.1,17.636,32.045,9.256,3.080623916
id1082,wP12,3.2,17.636,32.044,9.246,3.17999811
id1083,wP12,3.3,17.629,32.041,9.252,3.279372255
id1084,wP12,3.4,17.624,32.055,9.234,3.378746353
id1085,wP12,3.5,17.634,32.046,9.2,3.478120402
id1086,wP12,3.6,17.629,32.048,9.196,3.577494402
id1087,wP12,3.7,17.627,32.045,9.189,3.676868355
id1088,wP12,3.8,17.624,32.043,9.179,3.776242259
id1089,wP12,3.9,17.622,32.046,9.169,3.875616115
id1090,wP12,4,17.621,32.046,9.155,3.974989923
id1091,wP12,4.1,17.617,32.046,9.134,4.074363683
id1092,wP12,4.2,17.615,32.051,9.123,4.173737394
id1093,wP12,4.3,17.615,32.049,9.102,4.273111058
id1094,wP12,4.4,17.612,32.05,9.095,4.372484673
id1095,wP12,4.5,17.612,32.05,9.088,4.47185824
id1096,wP12,4.6,17.612,32.051,9.075,4.571231758
id1097,wP12,4.7,17.611,32.054,9.058,4.670605229
id1098,wP12,4.8,17.611,32.05,9.044,4.769978651
id1099,wP12,4.9,17.609,32.05,9.036,4.869352025
id1100,wP12,5,17.609,32.05,9.009,4.968725351
id1101,wP12,5.1,17.609,32.051,8.994,5.068098628
id1102,wP12,5.2,17.609,32.048,9.002,5.167471858
id1103,wP12,5.3,17.609,32.052,8.968,5.266845039
id1104,wP12,5.4,17.61,32.054,8.962,5.366218172
id1105,wP12,5.5,17.61,32.052,8.951,5.465591256
id1106,wP12,5.6,17.61,32.052,8.953,5.564964293
id1107,wP12,5.7,17.61,32.052,8.947,5.664337281
id1108,wP12,5.8,17.61,32.05,8.948,5.763710221
id1109,wP12,5.9,17.61,32.052,8.943,5.863083113
id1110,wP12,6,17.609,32.051,8.947,5.962455957
id1111,wP12,6.1,17.607,32.051,8.94,6.061828752
id1112,wP12,6.2,17.605,32.055,8.933,6.1612015
id1113,wP12,6.3,17.603,32.055,8.931,6.260574199
id1114,wP12,6.4,17.602,32.057,8.924,6.359946849
id1115,wP12,6.5,17.604,32.057,8.919,6.459319452
id1116,wP12,6.6,17.605,32.057,8.903,6.558692007
id1117,wP12,6.7,17.605,32.054,8.905,6.658064513
id1118,wP12,6.8,17.604,32.056,8.883,6.757436971
id1119,wP12,6.9,17.604,32.053,8.885,6.856809381
id1120,wP12,7,17.605,32.054,8.882,6.956181742
id1121,wP12,7.1,17.604,32.055,8.869,7.055554055
id1122,wP12,7.2,17.605,32.055,8.877,7.154926321
id1123,wP12,7.3,17.605,32.055,8.861,7.254298538
id1124,wP12,7.4,17.604,32.056,8.863,7.353670706
id1125,wP12,7.5,17.604,32.056,8.859,7.453042827
id1126,wP12,7.6,17.604,32.056,8.855,7.552414899
id1127,wP12,7.7,17.604,32.057,8.867,7.651786923
id1128,wP12,7.8,17.604,32.056,8.856,7.751158899
id1129,wP12,7.9,17.605,32.053,8.848,7.850530827
id1130,wP12,8,17.603,32.051,8.849,7.949902707
id1131,wP12,8.1,17.606,32.051,8.838,8.049274538
id1132,wP12,8.2,17.605,32.052,8.851,8.148646321
id1133,wP12,8.3,17.605,32.056,8.836,8.248018056
id1134,wP12,8.4,17.605,32.052,8.841,8.347389743
id1135,wP12,8.5,17.604,32.056,8.845,8.446761381
id1136,wP12,8.6,17.604,32.056,8.843,8.546132971
id1137,wP12,8.7,17.604,32.058,8.84,8.645504513
id1138,wP12,8.8,17.603,32.058,8.851,8.744876007
id1139,wP12,8.9,17.604,32.057,8.848,8.844247453
id1140,wP12,9,17.604,32.056,8.839,8.94361885
id1141,wP12,9.1,17.603,32.057,8.847,9.0429902
id1142,wP12,9.2,17.603,32.058,8.826,9.142361501
id1143,wP12,9.3,17.604,32.058,8.829,9.241732754
id1144,wP12,9.4,17.604,32.058,8.833,9.341103958
id1145,wP12,9.5,17.604,32.055,8.822,9.440475115
id1146,wP12,9.6,17.605,32.055,8.814,9.539846223
id1147,wP12,9.7,17.604,32.057,8.833,9.639217283
id1148,wP12,9.8,17.604,32.055,8.822,9.738588295
id1149,wP12,9.9,17.604,32.058,8.82,9.837959258
id1150,wP12,10,17.603,32.059,8.824,9.937330174
id1151,wP12,10.1,17.602,32.058,8.818,10.03670104
id1152,wP12,10.2,17.601,32.06,8.816,10.13607186
id1153,wP12,10.3,17.601,32.061,8.814,10.23544263
id1154,wP12,10.4,17.601,32.059,8.814,10.33481335
id1155,wP12,10.5,17.601,32.06,8.819,10.43418403
id1156,wP13,0.3,18.287,31.945,9.339,0.29812692
id1157,wP13,0.4,18.291,32.007,9.402,0.397502464
id1158,wP13,0.5,18.283,32.016,9.448,0.496877959
id1159,wP13,0.6,18.28,31.996,9.477,0.596253407
id1160,wP13,0.7,18.274,31.998,9.501,0.695628805
id1161,wP13,0.8,18.26,31.967,9.532,0.795004156
id1162,wP13,0.9,18.095,31.971,9.591,0.894379459
id1163,wP13,1,18.03,32.013,9.611,0.993754713
id1164,wP13,1.1,17.994,32.018,9.664,1.093129919
id1165,wP13,1.2,17.958,32.037,9.701,1.192505077
id1166,wP13,1.3,17.951,32.029,9.69,1.291880187
id1167,wP13,1.4,17.92,32.026,9.71,1.391255248
id1168,wP13,1.5,17.882,32.031,9.702,1.490630262
id1169,wP13,1.6,17.866,32.034,9.703,1.590005227
id1170,wP13,1.7,17.843,32.043,9.687,1.689380143
id1171,wP13,1.8,17.831,32.034,9.655,1.788755012
id1172,wP13,1.9,17.804,32.053,9.629,1.888129832
id1173,wP13,2,17.774,32.053,9.57,1.987504605
id1174,wP13,2.1,17.807,32.022,9.527,2.086879329
id1175,wP13,2.2,17.81,32.02,9.49,2.186254004
id1176,wP13,2.3,17.815,32.053,9.46,2.285628632
id1177,wP13,2.4,17.793,32.056,9.459,2.385003211
id1178,wP13,2.5,17.755,32.05,9.45,2.484377742
id1179,wP13,2.6,17.724,32.047,9.448,2.583752225
id1180,wP13,2.7,17.709,32.049,9.414,2.68312666
id1181,wP13,2.8,17.687,32.048,9.379,2.782501046
id1182,wP13,2.9,17.676,32.062,9.336,2.881875385
id1183,wP13,3,17.672,32.06,9.282,2.981249675
id1184,wP13,3.1,17.673,32.064,9.265,3.080623916
id1185,wP13,3.2,17.673,32.069,9.249,3.17999811
id1186,wP13,3.3,17.673,32.062,9.238,3.279372255
id1187,wP13,3.4,17.66,32.06,9.224,3.378746353
id1188,wP13,3.5,17.639,32.059,9.202,3.478120402
id1189,wP13,3.6,17.632,32.059,9.205,3.577494402
id1190,wP13,3.7,17.622,32.058,9.173,3.676868355
id1191,wP13,3.8,17.613,32.062,9.151,3.776242259
id1192,wP13,3.9,17.612,32.062,9.144,3.875616115
id1193,wP13,4,17.609,32.072,9.105,3.974989923
id1194,wP13,4.1,17.611,32.072,9.104,4.074363683
id1195,wP13,4.2,17.62,32.071,9.083,4.173737394
id1196,wP13,4.3,17.623,32.064,9.068,4.273111058
id1197,wP13,4.4,17.625,32.072,9.051,4.372484673
id1198,wP13,4.5,17.629,32.067,9.062,4.47185824
id1199,wP13,4.6,17.625,32.065,9.068,4.571231758
id1200,wP13,4.7,17.623,32.067,9.047,4.670605229
id1201,wP13,4.8,17.624,32.057,9.062,4.769978651
id1202,wP13,4.9,17.607,32.069,9.06,4.869352025
id1203,wP13,5,17.605,32.069,9.06,4.968725351
id1204,wP13,5.1,17.592,32.067,9.04,5.068098628
id1205,wP13,5.2,17.587,32.072,9.041,5.167471858
id1206,wP13,5.3,17.585,32.067,9.029,5.266845039
id1207,wP13,5.4,17.582,32.072,9.014,5.366218172
id1208,wP13,5.5,17.583,32.069,9.001,5.465591256
id1209,wP13,5.6,17.582,32.068,8.981,5.564964293
id1210,wP13,5.7,17.582,32.07,8.967,5.664337281
id1211,wP13,5.8,17.58,32.069,8.963,5.763710221
id1212,wP13,5.9,17.577,32.07,8.944,5.863083113
id1213,wP13,6,17.57,32.074,8.939,5.962455957
id1214,wP13,6.1,17.571,32.073,8.926,6.061828752
id1215,wP13,6.2,17.569,32.073,8.915,6.1612015
id1216,wP13,6.3,17.568,32.074,8.907,6.260574199
id1217,wP13,6.4,17.569,32.074,8.909,6.359946849
id1218,wP13,6.5,17.569,32.072,8.905,6.459319452
id1219,wP13,6.6,17.569,32.071,8.887,6.558692007
id1220,wP13,6.7,17.565,32.071,8.886,6.658064513
id1221,wP13,6.8,17.563,32.074,8.884,6.757436971
id1222,wP13,6.9,17.565,32.077,8.878,6.856809381
id1223,wP13,7,17.566,32.073,8.862,6.956181742
id1224,wP13,7.1,17.564,32.073,8.867,7.055554055
id1225,wP13,7.2,17.563,32.075,8.87,7.154926321
id1226,wP13,7.3,17.563,32.074,8.846,7.254298538
id1227,wP13,7.4,17.564,32.074,8.855,7.353670706
id1228,wP13,7.5,17.563,32.074,8.858,7.453042827
id1229,wP13,7.6,17.562,32.071,8.853,7.552414899
id1230,wP13,7.7,17.562,32.072,8.847,7.651786923
id1231,wP13,7.8,17.557,32.064,8.835,7.751158899
id1232,wP13,7.9,17.557,32.074,8.838,7.850530827
id1233,wP13,8,17.557,NA,8.842,7.949902707
id1234,wP13,8.1,17.556,32.072,8.832,8.049274538
id1235,wP13,8.2,17.555,32.073,8.834,8.148646321
id1236,wP13,8.3,17.553,32.073,8.829,8.248018056
id1237,wP13,8.4,17.552,32.069,8.825,8.347389743
id1238,wP13,8.5,17.552,32.075,8.816,8.446761381
id1239,wP13,8.6,17.553,32.072,8.809,8.546132971
id1240,wP13,8.7,17.552,32.072,8.797,8.645504513
id1241,wP13,8.8,17.55,32.074,8.816,8.744876007
id1242,wP13,8.9,17.55,32.074,8.811,8.844247453
id1243,wP13,9,17.549,32.072,8.795,8.94361885
id1244,wP13,9.1,17.549,32.072,8.806,9.0429902
id1245,wP13,9.2,17.545,32.072,8.8,9.142361501
id1246,wP13,9.3,17.544,32.072,8.792,9.241732754
id1247,wP13,9.4,17.543,32.073,8.793,9.341103958
id1248,wP13,9.5,17.542,32.075,8.788,9.440475115
id1249,wP13,9.6,17.542,32.075,8.777,9.539846223
id1250,wP13,9.7,17.541,32.074,8.767,9.639217283
id1251,wP13,9.8,17.54,32.076,8.767,9.738588295
id1252,wP13,9.9,17.543,32.08,8.764,9.837959258
id1253,wP13,10,17.548,32.071,NA,9.937330174
id1254,wP14,0.3,17.65,32.125,8.79,0.29812692
id1255,wP14,0.4,17.711,32.077,8.794,0.397502464
id1256,wP14,0.5,17.732,32.067,8.808,0.496877959
id1257,wP14,0.6,17.698,32.005,8.824,0.596253407
id1258,wP14,0.7,17.697,32.088,8.829,0.695628805
id1259,wP14,0.8,17.856,31.995,8.856,0.795004156
id1260,wP14,0.9,17.882,32.038,8.891,0.894379459
id1261,wP14,1,17.874,32.036,8.896,0.993754713
id1262,wP14,1.1,17.831,32.068,8.896,1.093129919
id1263,wP14,1.2,17.857,32.062,8.91,1.192505077
id1264,wP14,1.3,17.856,32.058,8.919,1.291880187
id1265,wP14,1.4,17.843,32.065,8.923,1.391255248
id1266,wP14,1.5,17.839,32.064,8.935,1.490630262
id1267,wP14,1.6,17.804,32.062,8.941,1.590005227
id1268,wP14,1.7,17.813,32.07,8.949,1.689380143
id1269,wP14,1.8,17.802,32.027,8.958,1.788755012
id1270,wP14,1.9,17.705,32.039,8.967,1.888129832
id1271,wP14,2,17.662,32.049,8.97,1.987504605
id1272,wP14,2.1,17.617,32.055,8.966,2.086879329
id1273,wP14,2.2,17.596,32.058,8.961,2.186254004
id1274,wP14,2.3,17.573,32.05,8.961,2.285628632
id1275,wP14,2.4,17.558,32.054,8.946,2.385003211
id1276,wP14,2.5,17.532,32.06,8.914,2.484377742
id1277,wP14,2.6,17.521,32.064,8.892,2.583752225
id1278,wP14,2.7,17.516,32.065,8.88,2.68312666
id1279,wP14,2.8,17.512,32.064,8.855,2.782501046
id1280,wP14,2.9,17.508,32.062,8.841,2.881875385
id1281,wP14,3,17.505,32.066,8.819,2.981249675
id1282,wP14,3.1,17.505,32.064,8.799,3.080623916
id1283,wP14,3.2,17.499,32.063,8.779,3.17999811
id1284,wP14,3.3,17.494,32.062,8.782,3.279372255
id1285,wP14,3.4,17.49,32.067,8.767,3.378746353
id1286,wP14,3.5,17.488,32.067,8.747,3.478120402
id1287,wP14,3.6,17.486,32.068,8.718,3.577494402
id1288,wP14,3.7,17.482,32.071,8.714,3.676868355
id1289,wP14,3.8,17.481,32.069,8.689,3.776242259
id1290,wP14,3.9,17.48,32.07,8.665,3.875616115
id1291,wP14,4,17.479,32.071,8.666,3.974989923
id1292,wP14,4.1,17.48,32.07,8.663,4.074363683
id1293,wP14,4.2,17.479,32.071,8.649,4.173737394
id1294,wP14,4.3,17.478,32.07,8.63,4.273111058
id1295,wP14,4.4,17.473,32.069,8.631,4.372484673
id1296,wP14,4.5,17.469,32.073,8.623,4.47185824
id1297,wP14,4.6,17.468,32.071,8.613,4.571231758
id1298,wP14,4.7,17.465,32.07,8.594,4.670605229
id1299,wP14,4.8,17.461,32.074,8.589,4.769978651
id1300,wP14,4.9,17.458,32.076,8.59,4.869352025
id1301,wP14,5,17.455,32.077,8.569,4.968725351
id1302,wP14,5.1,17.456,32.076,8.564,5.068098628
id1303,wP14,5.2,17.456,32.076,8.546,5.167471858
id1304,wP14,5.3,17.457,32.076,8.547,5.266845039
id1305,wP14,5.4,17.457,32.075,8.537,5.366218172
id1306,wP14,5.5,17.457,32.075,8.523,5.465591256
id1307,wP14,5.6,17.457,32.076,8.513,5.564964293
id1308,wP14,5.7,17.457,32.077,8.518,5.664337281
id1309,wP14,5.8,17.457,32.076,8.509,5.763710221
id1310,wP14,5.9,17.458,32.074,8.507,5.863083113
id1311,wP14,6,17.457,32.078,8.503,5.962455957
id1312,wP14,6.1,17.458,32.076,8.501,6.061828752
id1313,wP14,6.2,17.458,32.077,8.5,6.1612015
id1314,wP14,6.3,17.457,32.076,8.497,6.260574199
id1315,wP14,6.4,17.457,32.077,8.492,6.359946849
id1316,wP14,6.5,17.457,32.075,8.494,6.459319452
id1317,wP14,6.6,17.457,32.078,8.492,6.558692007
id1318,wP14,6.7,17.457,32.073,8.495,6.658064513
id1319,wP14,6.8,17.457,32.076,8.497,6.757436971
id1320,wP14,6.9,17.457,32.078,8.491,6.856809381
id1321,wP14,7,17.456,32.079,8.49,6.956181742
id1322,wP14,7.1,17.458,32.08,8.484,7.055554055
id1323,wP14,7.2,17.458,32.078,8.494,7.154926321
id1324,wP14,7.3,17.459,32.076,8.485,7.254298538
id1325,wP14,7.4,17.458,32.077,8.478,7.353670706
id1326,wP14,7.5,17.459,32.078,8.481,7.453042827
id1327,wP14,7.6,17.46,32.077,8.49,7.552414899
id1328,wP14,7.7,17.46,32.078,8.475,7.651786923
id1329,wP14,7.8,17.46,32.079,8.485,7.751158899
id1330,wP14,7.9,17.459,32.078,8.473,7.850530827
id1331,wP14,8,17.46,32.079,8.478,7.949902707
id1332,wP14,8.1,17.461,32.077,8.473,8.049274538
id1333,wP14,8.2,17.461,32.078,8.484,8.148646321
id1334,wP14,8.3,17.462,32.078,8.481,8.248018056
id1335,wP14,8.4,17.462,32.079,8.473,8.347389743
id1336,wP14,8.5,17.462,32.077,8.466,8.446761381
id1337,wP14,8.6,17.462,32.08,8.469,8.546132971
id1338,wP14,8.7,17.462,32.079,8.477,8.645504513
id1339,wP14,8.8,17.463,32.078,8.47,8.744876007
id1340,wP14,8.9,17.462,32.077,8.472,8.844247453
id1341,wP14,9,17.463,32.076,8.477,8.94361885
id1342,wP14,9.1,17.462,32.078,8.477,9.0429902
id1343,wP14,9.2,17.463,32.079,8.468,9.142361501
id1344,wP14,9.3,17.462,32.079,8.472,9.241732754
id1345,wP14,9.4,17.463,32.08,8.473,9.341103958
id1346,wP14,9.5,17.462,32.079,8.478,9.440475115
id1347,wP14,9.6,17.461,32.081,8.474,9.539846223
id1348,wP14,9.7,17.464,32.079,8.476,9.639217283
id1349,wP14,9.8,17.464,32.08,8.48,9.738588295
id1350,wP14,9.9,17.465,32.079,NA,9.837959258