Well,Cycle,Target Name,Rn,Delta Rn
1,1,FAM,0.819,0.012
1,2,FAM,0.814,0.007
1,3,FAM,0.812,0.005
1,4,FAM,0.809,0.002
1,5,FAM,0.808,0.001
1,6,FAM,0.808,0.001
1,7,FAM,0.809,0.001
1,8,FAM,0.808,0.000
1,9,FAM,0.808,0.000
1,10,FAM,0.808,0.000
1,11,FAM,0.808,-0.001
1,12,FAM,0.807,-0.001
1,13,FAM,0.808,0.000
1,14,FAM,0.808,0.000
1,15,FAM,0.807,-0.001
1,16,FAM,0.807,-0.002
1,17,FAM,0.806,-0.003
1,18,FAM,0.807,-0.002
1,19,FAM,0.807,-0.002
1,20,FAM,0.807,-0.002
1,21,FAM,0.808,-0.001
1,22,FAM,0.809,-0.001
1,23,FAM,0.809,-0.001
1,24,FAM,0.809,-0.001
1,25,FAM,0.809,-0.001
1,26,FAM,0.810,0.000
1,27,FAM,0.810,0.000
1,28,FAM,0.810,0.000
1,29,FAM,0.811,0.001
1,30,FAM,0.813,0.003
1,31,FAM,0.816,0.006
1,32,FAM,0.820,0.010
1,33,FAM,0.831,0.020
1,34,FAM,0.848,0.038
1,35,FAM,0.882,0.072
1,36,FAM,0.943,0.133
1,37,FAM,1.039,0.229
1,38,FAM,1.176,0.365
1,39,FAM,1.339,0.528
1,40,FAM,1.475,0.664
2,1,FAM,0.790,0.011
2,2,FAM,0.786,0.006
2,3,FAM,0.783,0.003
2,4,FAM,0.781,0.001
2,5,FAM,0.781,0.001
2,6,FAM,0.781,0.001
2,7,FAM,0.780,0.000
2,8,FAM,0.780,0.000
2,9,FAM,0.780,0.000
2,10,FAM,0.780,0.000
2,11,FAM,0.779,-0.001
2,12,FAM,0.780,0.000
2,13,FAM,0.780,0.000
2,14,FAM,0.779,-0.001
2,15,FAM,0.779,-0.001
2,16,FAM,0.779,-0.001
2,17,FAM,0.779,-0.001
2,18,FAM,0.779,-0.001
2,19,FAM,0.780,-0.001
2,20,FAM,0.779,-0.001
2,21,FAM,0.779,-0.001
2,22,FAM,0.780,-0.001
2,23,FAM,0.781,0.000
2,24,FAM,0.781,0.000
2,25,FAM,0.780,-0.001
2,26,FAM,0.780,-0.001
2,27,FAM,0.780,-0.001
2,28,FAM,0.781,0.000
2,29,FAM,0.782,0.001
2,30,FAM,0.784,0.002
2,31,FAM,0.786,0.005
2,32,FAM,0.791,0.010
2,33,FAM,0.799,0.018
2,34,FAM,0.813,0.032
2,35,FAM,0.843,0.061
2,36,FAM,0.895,0.114
2,37,FAM,0.982,0.200
2,38,FAM,1.106,0.324
2,39,FAM,1.258,0.476
2,40,FAM,1.391,0.610
3,1,FAM,0.829,0.007
3,2,FAM,0.827,0.005
3,3,FAM,0.825,0.003
3,4,FAM,0.824,0.002
3,5,FAM,0.824,0.002
3,6,FAM,0.823,0.001
3,7,FAM,0.822,0.000
3,8,FAM,0.822,0.000
3,9,FAM,0.822,0.000
3,10,FAM,0.822,0.000
3,11,FAM,0.822,0.000
3,12,FAM,0.822,-0.001
3,13,FAM,0.821,-0.001
3,14,FAM,0.821,-0.001
3,15,FAM,0.821,-0.001
3,16,FAM,0.821,-0.002
3,17,FAM,0.821,-0.001
3,18,FAM,0.821,-0.001
3,19,FAM,0.821,-0.002
3,20,FAM,0.821,-0.002
3,21,FAM,0.821,-0.001
3,22,FAM,0.821,-0.001
3,23,FAM,0.821,-0.001
3,24,FAM,0.822,-0.001
3,25,FAM,0.822,-0.001
3,26,FAM,0.822,0.000
3,27,FAM,0.822,0.000
3,28,FAM,0.823,0.000
3,29,FAM,0.823,0.001
3,30,FAM,0.826,0.003
3,31,FAM,0.829,0.006
3,32,FAM,0.834,0.011
3,33,FAM,0.846,0.023
3,34,FAM,0.865,0.042
3,35,FAM,0.903,0.080
3,36,FAM,0.972,0.149
3,37,FAM,1.081,0.258
3,38,FAM,1.230,0.407
3,39,FAM,1.391,0.568
3,40,FAM,1.516,0.693
4,1,FAM,0.822,0.003
4,2,FAM,0.821,0.002
4,3,FAM,0.820,0.001
4,4,FAM,0.820,0.001
4,5,FAM,0.819,0.000
4,6,FAM,0.818,-0.001
4,7,FAM,0.817,-0.002
4,8,FAM,0.817,-0.001
4,9,FAM,0.819,0.000
4,10,FAM,0.820,0.002
4,11,FAM,0.825,0.007
4,12,FAM,0.836,0.017
4,13,FAM,0.854,0.036
4,14,FAM,0.889,0.071
4,15,FAM,0.951,0.133
4,16,FAM,1.050,0.232
4,17,FAM,1.189,0.371
4,18,FAM,1.350,0.533
4,19,FAM,1.503,0.685
4,20,FAM,1.630,0.812
4,21,FAM,1.728,0.911
4,22,FAM,1.800,0.982
4,23,FAM,1.858,1.040
4,24,FAM,1.902,1.085
4,25,FAM,1.934,1.117
4,26,FAM,1.960,1.143
4,27,FAM,1.978,1.161
4,28,FAM,1.993,1.176
4,29,FAM,2.001,1.184
4,30,FAM,2.007,1.191
4,31,FAM,2.012,1.195
4,32,FAM,2.015,1.199
4,33,FAM,2.019,1.202
4,34,FAM,2.020,1.204
4,35,FAM,2.019,1.203
4,36,FAM,2.018,1.201
4,37,FAM,2.022,1.206
4,38,FAM,2.023,1.207
4,39,FAM,2.021,1.205
4,40,FAM,2.019,1.203
5,1,FAM,0.710,0.002
5,2,FAM,0.710,0.002
5,3,FAM,0.709,0.001
5,4,FAM,0.708,0.000
5,5,FAM,0.708,0.000
5,6,FAM,0.707,-0.001
5,7,FAM,0.707,-0.001
5,8,FAM,0.708,-0.001
5,9,FAM,0.709,0.000
5,10,FAM,0.710,0.002
5,11,FAM,0.715,0.006
5,12,FAM,0.724,0.015
5,13,FAM,0.741,0.032
5,14,FAM,0.773,0.064
5,15,FAM,0.830,0.120
5,16,FAM,0.921,0.211
5,17,FAM,1.045,0.335
5,18,FAM,1.185,0.475
5,19,FAM,1.314,0.605
5,20,FAM,1.421,0.711
5,21,FAM,1.501,0.791
5,22,FAM,1.564,0.854
5,23,FAM,1.613,0.903
5,24,FAM,1.651,0.941
5,25,FAM,1.678,0.968
5,26,FAM,1.699,0.988
5,27,FAM,1.713,1.002
5,28,FAM,1.724,1.013
5,29,FAM,1.731,1.020
5,30,FAM,1.738,1.027
5,31,FAM,1.743,1.031
5,32,FAM,1.747,1.035
5,33,FAM,1.748,1.037
5,34,FAM,1.747,1.035
5,35,FAM,1.747,1.035
5,36,FAM,1.748,1.037
5,37,FAM,1.749,1.038
5,38,FAM,1.749,1.037
5,39,FAM,1.748,1.036
5,40,FAM,1.749,1.036
6,1,FAM,0.779,0.003
6,2,FAM,0.779,0.002
6,3,FAM,0.778,0.001
6,4,FAM,0.778,0.001
6,5,FAM,0.776,-0.001
6,6,FAM,0.776,-0.001
6,7,FAM,0.776,-0.001
6,8,FAM,0.776,-0.001
6,9,FAM,0.777,0.000
6,10,FAM,0.779,0.002
6,11,FAM,0.785,0.008
6,12,FAM,0.795,0.018
6,13,FAM,0.814,0.036
6,14,FAM,0.849,0.071
6,15,FAM,0.910,0.132
6,16,FAM,1.010,0.232
6,17,FAM,1.146,0.368
6,18,FAM,1.300,0.522
6,19,FAM,1.441,0.663
6,20,FAM,1.556,0.778
6,21,FAM,1.648,0.870
6,22,FAM,1.718,0.940
6,23,FAM,1.773,0.995
6,24,FAM,1.817,1.038
6,25,FAM,1.848,1.070
6,26,FAM,1.870,1.091
6,27,FAM,1.887,1.108
6,28,FAM,1.899,1.120
6,29,FAM,1.907,1.128
6,30,FAM,1.915,1.136
6,31,FAM,1.920,1.141
6,32,FAM,1.923,1.144
6,33,FAM,1.925,1.145
6,34,FAM,1.927,1.148
6,35,FAM,1.927,1.148
6,36,FAM,1.928,1.148
6,37,FAM,1.929,1.150
6,38,FAM,1.930,1.150
6,39,FAM,1.930,1.150
6,40,FAM,1.929,1.149
7,1,FAM,0.796,0.003
7,2,FAM,0.796,0.003
7,3,FAM,0.796,0.002
7,4,FAM,0.795,0.001
7,5,FAM,0.794,0.001
7,6,FAM,0.794,0.000
7,7,FAM,0.794,0.000
7,8,FAM,0.794,0.000
7,9,FAM,0.794,0.000
7,10,FAM,0.794,-0.001
7,11,FAM,0.794,-0.001
7,12,FAM,0.795,0.000
7,13,FAM,0.794,-0.001
7,14,FAM,0.795,0.000
7,15,FAM,0.795,0.000
7,16,FAM,0.796,0.000
7,17,FAM,0.796,0.000
7,18,FAM,0.795,0.000
7,19,FAM,0.795,-0.001
7,20,FAM,0.796,0.000
7,21,FAM,0.796,-0.001
7,22,FAM,0.796,-0.001
7,23,FAM,0.796,0.000
7,24,FAM,0.796,-0.001
7,25,FAM,0.797,0.000
7,26,FAM,0.797,0.000
7,27,FAM,0.798,0.000
7,28,FAM,0.797,-0.001
7,29,FAM,0.797,-0.001
7,30,FAM,0.798,0.000
7,31,FAM,0.800,0.001
7,32,FAM,0.802,0.003
7,33,FAM,0.806,0.008
7,34,FAM,0.814,0.015
7,35,FAM,0.828,0.029
7,36,FAM,0.856,0.057
7,37,FAM,0.908,0.108
7,38,FAM,0.991,0.191
7,39,FAM,1.096,0.297
7,40,FAM,1.188,0.389
8,1,FAM,0.783,0.003
8,2,FAM,0.783,0.003
8,3,FAM,0.783,0.002
8,4,FAM,0.782,0.002
8,5,FAM,0.781,0.001
8,6,FAM,0.781,0.001
8,7,FAM,0.781,0.001
8,8,FAM,0.781,0.001
8,9,FAM,0.781,0.000
8,10,FAM,0.780,0.000
8,11,FAM,0.780,-0.001
8,12,FAM,0.781,0.000
8,13,FAM,0.780,0.000
8,14,FAM,0.780,-0.001
8,15,FAM,0.780,-0.001
8,16,FAM,0.780,-0.001
8,17,FAM,0.780,-0.002
8,18,FAM,0.779,-0.002
8,19,FAM,0.780,-0.001
8,20,FAM,0.780,-0.001
8,21,FAM,0.780,-0.001
8,22,FAM,0.780,-0.001
8,23,FAM,0.780,-0.001
8,24,FAM,0.781,-0.001
8,25,FAM,0.781,-0.001
8,26,FAM,0.782,0.000
8,27,FAM,0.782,0.000
8,28,FAM,0.782,0.000
8,29,FAM,0.783,0.001
8,30,FAM,0.785,0.003
8,31,FAM,0.789,0.006
8,32,FAM,0.795,0.012
8,33,FAM,0.806,0.024
8,34,FAM,0.830,0.047
8,35,FAM,0.872,0.090
8,36,FAM,0.944,0.161
8,37,FAM,1.055,0.272
8,38,FAM,1.196,0.413
8,39,FAM,1.341,0.557
8,40,FAM,1.451,0.668
9,1,FAM,0.792,0.004
9,2,FAM,0.792,0.004
9,3,FAM,0.791,0.003
9,4,FAM,0.791,0.003
9,5,FAM,0.791,0.002
9,6,FAM,0.789,0.001
9,7,FAM,0.789,0.000
9,8,FAM,0.789,0.000
9,9,FAM,0.789,0.000
9,10,FAM,0.789,-0.001
9,11,FAM,0.788,-0.001
9,12,FAM,0.788,-0.001
9,13,FAM,0.789,-0.001
9,14,FAM,0.789,-0.001
9,15,FAM,0.789,-0.001
9,16,FAM,0.788,-0.002
9,17,FAM,0.789,-0.001
9,18,FAM,0.789,-0.001
9,19,FAM,0.789,-0.001
9,20,FAM,0.789,-0.002
9,21,FAM,0.789,-0.001
9,22,FAM,0.789,-0.001
9,23,FAM,0.790,-0.001
9,24,FAM,0.790,-0.001
9,25,FAM,0.790,-0.001
9,26,FAM,0.791,0.000
9,27,FAM,0.792,0.000
9,28,FAM,0.792,0.000
9,29,FAM,0.793,0.001
9,30,FAM,0.794,0.002
9,31,FAM,0.798,0.006
9,32,FAM,0.803,0.011
9,33,FAM,0.815,0.023
9,34,FAM,0.837,0.044
9,35,FAM,0.878,0.086
9,36,FAM,0.951,0.158
9,37,FAM,1.063,0.271
9,38,FAM,1.206,0.413
9,39,FAM,1.349,0.556
9,40,FAM,1.459,0.666
10,1,FAM,0.797,0.003
10,2,FAM,0.797,0.003
10,3,FAM,0.796,0.003
10,4,FAM,0.795,0.002
10,5,FAM,0.795,0.001
10,6,FAM,0.795,0.001
10,7,FAM,0.794,0.000
10,8,FAM,0.794,0.000
10,9,FAM,0.794,-0.001
10,10,FAM,0.793,-0.001
10,11,FAM,0.793,-0.002
10,12,FAM,0.794,-0.001
10,13,FAM,0.794,-0.001
10,14,FAM,0.794,-0.001
10,15,FAM,0.794,-0.001
10,16,FAM,0.794,-0.001
10,17,FAM,0.795,-0.001
10,18,FAM,0.795,0.000
10,19,FAM,0.795,0.000
10,20,FAM,0.795,-0.001
10,21,FAM,0.795,-0.001
10,22,FAM,0.796,-0.001
10,23,FAM,0.796,0.000
10,24,FAM,0.797,0.000
10,25,FAM,0.797,0.000
10,26,FAM,0.797,0.000
10,27,FAM,0.798,0.001
10,28,FAM,0.798,0.001
10,29,FAM,0.799,0.002
10,30,FAM,0.800,0.002
10,31,FAM,0.804,0.006
10,32,FAM,0.811,0.014
10,33,FAM,0.824,0.026
10,34,FAM,0.847,0.049
10,35,FAM,0.892,0.094
10,36,FAM,0.968,0.169
10,37,FAM,1.085,0.286
10,38,FAM,1.236,0.438
10,39,FAM,1.391,0.592
10,40,FAM,1.513,0.714
11,1,FAM,0.821,0.003
11,2,FAM,0.821,0.003
11,3,FAM,0.821,0.003
11,4,FAM,0.820,0.002
11,5,FAM,0.820,0.001
11,6,FAM,0.820,0.001
11,7,FAM,0.819,0.001
11,8,FAM,0.818,0.000
11,9,FAM,0.818,-0.001
11,10,FAM,0.818,0.000
11,11,FAM,0.818,-0.001
11,12,FAM,0.818,0.000
11,13,FAM,0.818,0.000
11,14,FAM,0.818,-0.001
11,15,FAM,0.817,-0.001
11,16,FAM,0.818,-0.001
11,17,FAM,0.817,-0.001
11,18,FAM,0.817,-0.001
11,19,FAM,0.817,-0.001
11,20,FAM,0.817,-0.002
11,21,FAM,0.817,-0.002
11,22,FAM,0.817,-0.002
11,23,FAM,0.818,-0.001
11,24,FAM,0.818,-0.001
11,25,FAM,0.819,0.000
11,26,FAM,0.820,0.000
11,27,FAM,0.819,0.000
11,28,FAM,0.820,0.001
11,29,FAM,0.822,0.003
11,30,FAM,0.825,0.005
11,31,FAM,0.830,0.010
11,32,FAM,0.840,0.021
11,33,FAM,0.860,0.040
11,34,FAM,0.896,0.076
11,35,FAM,0.959,0.140
11,36,FAM,1.062,0.242
11,37,FAM,1.205,0.385
11,38,FAM,1.365,0.545
11,39,FAM,1.515,0.695
11,40,FAM,1.621,0.801
12,1,FAM,0.825,0.003
12,2,FAM,0.825,0.003
12,3,FAM,0.824,0.002
12,4,FAM,0.824,0.001
12,5,FAM,0.824,0.001
12,6,FAM,0.823,0.001
12,7,FAM,0.823,0.000
12,8,FAM,0.823,0.000
12,9,FAM,0.823,0.000
12,10,FAM,0.822,-0.001
12,11,FAM,0.822,-0.001
12,12,FAM,0.823,0.000
12,13,FAM,0.823,-0.001
12,14,FAM,0.823,-0.001
12,15,FAM,0.822,-0.001
12,16,FAM,0.823,-0.001
12,17,FAM,0.823,-0.001
12,18,FAM,0.823,-0.001
12,19,FAM,0.824,-0.001
12,20,FAM,0.824,-0.001
12,21,FAM,0.824,0.000
12,22,FAM,0.823,-0.001
12,23,FAM,0.823,-0.002
12,24,FAM,0.823,-0.001
12,25,FAM,0.825,0.000
12,26,FAM,0.825,0.000
12,27,FAM,0.826,0.001
12,28,FAM,0.826,0.001
12,29,FAM,0.827,0.002
12,30,FAM,0.829,0.003
12,31,FAM,0.834,0.009
12,32,FAM,0.843,0.017
12,33,FAM,0.858,0.032
12,34,FAM,0.887,0.061
12,35,FAM,0.940,0.114
12,36,FAM,1.029,0.202
12,37,FAM,1.158,0.332
12,38,FAM,1.317,0.490
12,39,FAM,1.476,0.649
12,40,FAM,1.599,0.772
13,1,FAM,0.841,0.004
13,2,FAM,0.841,0.004
13,3,FAM,0.840,0.002
13,4,FAM,0.839,0.002
13,5,FAM,0.839,0.001
13,6,FAM,0.839,0.001
13,7,FAM,0.838,0.000
13,8,FAM,0.837,-0.001
13,9,FAM,0.837,-0.001
13,10,FAM,0.837,-0.001
13,11,FAM,0.837,-0.001
13,12,FAM,0.837,-0.001
13,13,FAM,0.838,0.000
13,14,FAM,0.838,-0.001
13,15,FAM,0.837,-0.001
13,16,FAM,0.838,0.000
13,17,FAM,0.839,0.000
13,18,FAM,0.838,-0.001
13,19,FAM,0.838,-0.001
13,20,FAM,0.839,0.000
13,21,FAM,0.838,-0.001
13,22,FAM,0.838,-0.001
13,23,FAM,0.838,0.000
13,24,FAM,0.839,0.000
13,25,FAM,0.839,0.001
13,26,FAM,0.838,0.000
13,27,FAM,0.838,-0.001
13,28,FAM,0.839,0.000
13,29,FAM,0.839,0.000
13,30,FAM,0.840,0.001
13,31,FAM,0.842,0.003
13,32,FAM,0.846,0.007
13,33,FAM,0.854,0.015
13,34,FAM,0.868,0.029
13,35,FAM,0.893,0.054
13,36,FAM,0.940,0.101
13,37,FAM,1.021,0.182
13,38,FAM,1.143,0.303
13,39,FAM,1.299,0.460
13,40,FAM,1.445,0.606
14,1,FAM,0.762,0.012
14,2,FAM,0.757,0.006
14,3,FAM,0.753,0.002
14,4,FAM,0.753,0.002
14,5,FAM,0.752,0.001
14,6,FAM,0.751,0.001
14,7,FAM,0.751,0.000
14,8,FAM,0.750,-0.001
14,9,FAM,0.751,0.000
14,10,FAM,0.751,0.000
14,11,FAM,0.751,0.000
14,12,FAM,0.750,0.000
14,13,FAM,0.750,-0.001
14,14,FAM,0.750,-0.001
14,15,FAM,0.750,-0.001
14,16,FAM,0.750,-0.001
14,17,FAM,0.750,-0.001
14,18,FAM,0.749,-0.001
14,19,FAM,0.749,-0.002
14,20,FAM,0.749,-0.002
14,21,FAM,0.749,-0.002
14,22,FAM,0.750,-0.001
14,23,FAM,0.750,-0.001
14,24,FAM,0.751,0.000
14,25,FAM,0.751,0.000
14,26,FAM,0.750,-0.001
14,27,FAM,0.751,0.000
14,28,FAM,0.751,0.000
14,29,FAM,0.751,0.000
14,30,FAM,0.753,0.002
14,31,FAM,0.755,0.005
14,32,FAM,0.759,0.009
14,33,FAM,0.767,0.016
14,34,FAM,0.781,0.030
14,35,FAM,0.807,0.057
14,36,FAM,0.854,0.103
14,37,FAM,0.933,0.183
14,38,FAM,1.050,0.300
14,39,FAM,1.198,0.447
14,40,FAM,1.330,0.580
15,1,FAM,0.783,0.009
15,2,FAM,0.781,0.007
15,3,FAM,0.778,0.004
15,4,FAM,0.776,0.002
15,5,FAM,0.774,0.000
15,6,FAM,0.775,0.001
15,7,FAM,0.776,0.002
15,8,FAM,0.773,-0.001
15,9,FAM,0.772,-0.002
15,10,FAM,0.772,-0.002
15,11,FAM,0.773,-0.001
15,12,FAM,0.772,-0.002
15,13,FAM,0.773,-0.001
15,14,FAM,0.773,-0.001
15,15,FAM,0.773,-0.001
15,16,FAM,0.773,-0.001
15,17,FAM,0.776,0.002
15,18,FAM,0.778,0.003
15,19,FAM,0.774,-0.001
15,20,FAM,0.773,-0.002
15,21,FAM,0.773,-0.002
15,22,FAM,0.773,-0.001
15,23,FAM,0.773,-0.002
15,24,FAM,0.772,-0.002
15,25,FAM,0.773,-0.001
15,26,FAM,0.774,-0.001
15,27,FAM,0.774,-0.001
15,28,FAM,0.775,0.000
15,29,FAM,0.776,0.001
15,30,FAM,0.778,0.003
15,31,FAM,0.781,0.006
15,32,FAM,0.788,0.013
15,33,FAM,0.801,0.026
15,34,FAM,0.825,0.050
15,35,FAM,0.869,0.094
15,36,FAM,0.943,0.168
15,37,FAM,1.057,0.282
15,38,FAM,1.204,0.429
15,39,FAM,1.361,0.585
15,40,FAM,1.485,0.710
16,1,FAM,0.788,0.000
16,2,FAM,0.788,0.000
16,3,FAM,0.788,0.000
16,4,FAM,0.788,0.000
16,5,FAM,0.787,-0.001
16,6,FAM,0.789,0.001
16,7,FAM,0.792,0.004
16,8,FAM,0.800,0.012
16,9,FAM,0.815,0.026
16,10,FAM,0.843,0.054
16,11,FAM,0.893,0.105
16,12,FAM,0.976,0.187
16,13,FAM,1.099,0.310
16,14,FAM,1.248,0.459
16,15,FAM,1.395,0.606
16,16,FAM,1.522,0.733
16,17,FAM,1.624,0.834
16,18,FAM,1.705,0.915
16,19,FAM,1.765,0.975
16,20,FAM,1.812,1.022
16,21,FAM,1.848,1.058
16,22,FAM,1.876,1.086
16,23,FAM,1.899,1.108
16,24,FAM,1.913,1.123
16,25,FAM,1.926,1.135
16,26,FAM,1.932,1.142
16,27,FAM,1.938,1.147
16,28,FAM,1.942,1.151
16,29,FAM,1.944,1.153
16,30,FAM,1.946,1.155
16,31,FAM,1.948,1.157
16,32,FAM,1.950,1.158
16,33,FAM,1.951,1.159
16,34,FAM,1.952,1.160
16,35,FAM,1.953,1.161
16,36,FAM,1.954,1.162
16,37,FAM,1.951,1.159
16,38,FAM,1.951,1.159
16,39,FAM,1.952,1.160
16,40,FAM,1.950,1.158
17,1,FAM,0.804,0.001
17,2,FAM,0.804,0.001
17,3,FAM,0.803,0.000
17,4,FAM,0.803,0.000
17,5,FAM,0.804,0.000
17,6,FAM,0.804,0.000
17,7,FAM,0.807,0.003
17,8,FAM,0.816,0.012
17,9,FAM,0.831,0.027
17,10,FAM,0.860,0.055
17,11,FAM,0.912,0.107
17,12,FAM,1.000,0.195
17,13,FAM,1.128,0.323
17,14,FAM,1.281,0.475
17,15,FAM,1.431,0.625
17,16,FAM,1.560,0.754
17,17,FAM,1.663,0.856
17,18,FAM,1.744,0.937
17,19,FAM,1.805,0.999
17,20,FAM,1.851,1.044
17,21,FAM,1.887,1.080
17,22,FAM,1.915,1.108
17,23,FAM,1.937,1.129
17,24,FAM,1.953,1.146
17,25,FAM,1.968,1.160
17,26,FAM,1.972,1.163
17,27,FAM,1.976,1.167
17,28,FAM,1.977,1.168
17,29,FAM,1.982,1.172
17,30,FAM,1.983,1.174
17,31,FAM,1.982,1.172
17,32,FAM,1.983,1.174
17,33,FAM,1.987,1.177
17,34,FAM,1.987,1.177
17,35,FAM,1.989,1.178
17,36,FAM,1.987,1.176
17,37,FAM,1.987,1.176
17,38,FAM,1.988,1.177
17,39,FAM,1.988,1.176
17,40,FAM,1.988,1.177
18,1,FAM,0.787,0.005
18,2,FAM,0.786,0.003
18,3,FAM,0.785,0.001
18,4,FAM,0.785,0.000
18,5,FAM,0.785,-0.001
18,6,FAM,0.787,-0.001
18,7,FAM,0.790,0.001
18,8,FAM,0.797,0.008
18,9,FAM,0.812,0.022
18,10,FAM,0.840,0.048
18,11,FAM,0.890,0.097
18,12,FAM,0.974,0.181
18,13,FAM,1.096,0.302
18,14,FAM,1.245,0.449
18,15,FAM,1.393,0.596
18,16,FAM,1.521,0.724
18,17,FAM,1.623,0.824
18,18,FAM,1.704,0.904
18,19,FAM,1.765,0.964
18,20,FAM,1.811,1.009
18,21,FAM,1.849,1.046
18,22,FAM,1.877,1.073
18,23,FAM,1.896,1.092
18,24,FAM,1.914,1.109
18,25,FAM,1.926,1.119
18,26,FAM,1.932,1.124
18,27,FAM,1.936,1.127
18,28,FAM,1.940,1.131
18,29,FAM,1.943,1.133
18,30,FAM,1.947,1.136
18,31,FAM,1.948,1.135
18,32,FAM,1.949,1.135
18,33,FAM,1.949,1.135
18,34,FAM,1.948,1.133
18,35,FAM,1.947,1.131
18,36,FAM,1.949,1.132
18,37,FAM,1.949,1.131
18,38,FAM,1.948,1.128
18,39,FAM,1.949,1.128
18,40,FAM,1.950,1.128
19,1,FAM,0.823,-0.001
19,2,FAM,0.823,-0.001
19,3,FAM,0.823,-0.001
19,4,FAM,0.824,-0.001
19,5,FAM,0.824,-0.001
19,6,FAM,0.826,0.000
19,7,FAM,0.828,0.002
19,8,FAM,0.828,0.001
19,9,FAM,0.829,0.001
19,10,FAM,0.828,0.000
19,11,FAM,0.829,0.001
19,12,FAM,0.830,0.001
19,13,FAM,0.830,0.000
19,14,FAM,0.830,0.000
19,15,FAM,0.831,0.001
19,16,FAM,0.832,0.001
19,17,FAM,0.832,0.000
19,18,FAM,0.832,0.000
19,19,FAM,0.832,0.000
19,20,FAM,0.831,-0.001
19,21,FAM,0.832,-0.001
19,22,FAM,0.833,-0.001
19,23,FAM,0.832,-0.002
19,24,FAM,0.832,-0.002
19,25,FAM,0.833,-0.002
19,26,FAM,0.834,-0.002
19,27,FAM,0.834,-0.001
19,28,FAM,0.835,-0.001
19,29,FAM,0.836,0.000
19,30,FAM,0.838,0.001
19,31,FAM,0.843,0.006
19,32,FAM,0.849,0.011
19,33,FAM,0.862,0.024
19,34,FAM,0.887,0.049
19,35,FAM,0.931,0.092
19,36,FAM,0.998,0.158
19,37,FAM,1.078,0.238
19,38,FAM,1.160,0.319
19,39,FAM,1.234,0.393
19,40,FAM,1.292,0.450
20,1,FAM,0.781,0.004
20,2,FAM,0.781,0.004
20,3,FAM,0.780,0.003
20,4,FAM,0.780,0.003
20,5,FAM,0.779,0.002
20,6,FAM,0.778,0.001
20,7,FAM,0.778,0.000
20,8,FAM,0.778,0.000
20,9,FAM,0.777,-0.001
20,10,FAM,0.777,0.000
20,11,FAM,0.777,-0.001
20,12,FAM,0.777,-0.001
20,13,FAM,0.777,-0.001
20,14,FAM,0.777,-0.001
20,15,FAM,0.777,-0.002
20,16,FAM,0.777,-0.002
20,17,FAM,0.778,-0.001
20,18,FAM,0.777,-0.001
20,19,FAM,0.778,-0.001
20,20,FAM,0.779,-0.001
20,21,FAM,0.778,-0.001
20,22,FAM,0.778,-0.001
20,23,FAM,0.778,-0.001
20,24,FAM,0.778,-0.001
20,25,FAM,0.779,-0.001
20,26,FAM,0.780,0.000
20,27,FAM,0.780,0.000
20,28,FAM,0.781,0.000
20,29,FAM,0.781,0.001
20,30,FAM,0.783,0.002
20,31,FAM,0.785,0.004
20,32,FAM,0.791,0.011
20,33,FAM,0.803,0.022
20,34,FAM,0.824,0.043
20,35,FAM,0.861,0.080
20,36,FAM,0.921,0.140
20,37,FAM,1.004,0.223
20,38,FAM,1.097,0.315
20,39,FAM,1.182,0.401
20,40,FAM,1.247,0.466
21,1,FAM,0.794,0.005
21,2,FAM,0.794,0.004
21,3,FAM,0.793,0.003
21,4,FAM,0.792,0.002
21,5,FAM,0.792,0.002
21,6,FAM,0.791,0.000
21,7,FAM,0.790,0.000
21,8,FAM,0.791,0.000
21,9,FAM,0.790,0.000
21,10,FAM,0.790,-0.001
21,11,FAM,0.790,-0.001
21,12,FAM,0.790,0.000
21,13,FAM,0.790,0.000
21,14,FAM,0.790,-0.001
21,15,FAM,0.790,-0.001
21,16,FAM,0.790,-0.001
21,17,FAM,0.790,-0.001
21,18,FAM,0.790,-0.001
21,19,FAM,0.790,-0.001
21,20,FAM,0.790,-0.001
21,21,FAM,0.790,-0.001
21,22,FAM,0.791,-0.001
21,23,FAM,0.791,-0.001
21,24,FAM,0.791,-0.001
21,25,FAM,0.791,-0.001
21,26,FAM,0.792,0.000
21,27,FAM,0.793,0.001
21,28,FAM,0.793,0.000
21,29,FAM,0.794,0.001
21,30,FAM,0.795,0.002
21,31,FAM,0.798,0.005
21,32,FAM,0.803,0.011
21,33,FAM,0.814,0.021
21,34,FAM,0.834,0.041
21,35,FAM,0.870,0.077
21,36,FAM,0.929,0.136
21,37,FAM,1.008,0.215
21,38,FAM,1.095,0.302
21,39,FAM,1.176,0.383
21,40,FAM,1.238,0.445
22,1,FAM,0.781,0.005
22,2,FAM,0.781,0.005
22,3,FAM,0.779,0.003
22,4,FAM,0.778,0.002
22,5,FAM,0.778,0.001
22,6,FAM,0.777,0.001
22,7,FAM,0.776,0.000
22,8,FAM,0.776,0.000
22,9,FAM,0.776,-0.001
22,10,FAM,0.775,-0.001
22,11,FAM,0.775,-0.001
22,12,FAM,0.775,-0.001
22,13,FAM,0.775,-0.001
22,14,FAM,0.776,-0.001
22,15,FAM,0.776,-0.001
22,16,FAM,0.775,-0.001
22,17,FAM,0.775,-0.001
22,18,FAM,0.776,-0.001
22,19,FAM,0.776,-0.001
22,20,FAM,0.776,-0.001
22,21,FAM,0.776,-0.001
22,22,FAM,0.776,-0.001
22,23,FAM,0.777,0.000
22,24,FAM,0.777,0.000
22,25,FAM,0.778,0.001
22,26,FAM,0.779,0.002
22,27,FAM,0.781,0.004
22,28,FAM,0.785,0.008
22,29,FAM,0.794,0.017
22,30,FAM,0.808,0.031
22,31,FAM,0.832,0.055
22,32,FAM,0.866,0.089
22,33,FAM,0.907,0.130
22,34,FAM,0.949,0.171
22,35,FAM,0.985,0.208
22,36,FAM,1.016,0.239
22,37,FAM,1.042,0.265
22,38,FAM,1.064,0.287
22,39,FAM,1.081,0.304
22,40,FAM,1.094,0.316
23,1,FAM,0.800,0.003
23,2,FAM,0.800,0.004
23,3,FAM,0.800,0.003
23,4,FAM,0.799,0.003
23,5,FAM,0.798,0.002
23,6,FAM,0.797,0.001
23,7,FAM,0.797,0.000
23,8,FAM,0.796,0.000
23,9,FAM,0.796,-0.001
23,10,FAM,0.796,-0.001
23,11,FAM,0.796,-0.001
23,12,FAM,0.796,-0.001
23,13,FAM,0.796,-0.001
23,14,FAM,0.796,-0.001
23,15,FAM,0.795,-0.002
23,16,FAM,0.795,-0.001
23,17,FAM,0.796,-0.001
23,18,FAM,0.795,-0.001
23,19,FAM,0.795,-0.001
23,20,FAM,0.795,-0.001
23,21,FAM,0.795,-0.001
23,22,FAM,0.796,-0.001
23,23,FAM,0.796,0.000
23,24,FAM,0.796,-0.001
23,25,FAM,0.796,-0.001
23,26,FAM,0.796,0.000
23,27,FAM,0.797,0.000
23,28,FAM,0.797,0.001
23,29,FAM,0.799,0.003
23,30,FAM,0.802,0.005
23,31,FAM,0.806,0.010
23,32,FAM,0.815,0.019
23,33,FAM,0.833,0.037
23,34,FAM,0.867,0.071
23,35,FAM,0.925,0.128
23,36,FAM,1.019,0.222
23,37,FAM,1.150,0.354
23,38,FAM,1.301,0.504
23,39,FAM,1.440,0.643
23,40,FAM,1.541,0.744
24,1,FAM,0.851,0.004
24,2,FAM,0.850,0.004
24,3,FAM,0.849,0.003
24,4,FAM,0.848,0.002
24,5,FAM,0.847,0.001
24,6,FAM,0.847,0.000
24,7,FAM,0.847,0.000
24,8,FAM,0.846,0.000
24,9,FAM,0.846,0.000
24,10,FAM,0.846,0.000
24,11,FAM,0.846,-0.001
24,12,FAM,0.846,-0.001
24,13,FAM,0.845,-0.001
24,14,FAM,0.845,-0.002
24,15,FAM,0.846,-0.001
24,16,FAM,0.846,-0.001
24,17,FAM,0.845,-0.001
24,18,FAM,0.846,-0.001
24,19,FAM,0.845,-0.001
24,20,FAM,0.845,-0.001
24,21,FAM,0.846,-0.001
24,22,FAM,0.846,0.000
24,23,FAM,0.846,-0.001
24,24,FAM,0.846,-0.001
24,25,FAM,0.846,-0.001
24,26,FAM,0.846,-0.001
24,27,FAM,0.847,0.000
24,28,FAM,0.848,0.001
24,29,FAM,0.849,0.002
24,30,FAM,0.852,0.005
24,31,FAM,0.856,0.009
24,32,FAM,0.864,0.017
24,33,FAM,0.879,0.032
24,34,FAM,0.908,0.061
24,35,FAM,0.959,0.112
24,36,FAM,1.046,0.198
24,37,FAM,1.172,0.325
24,38,FAM,1.324,0.477
24,39,FAM,1.473,0.625
24,40,FAM,1.583,0.736
25,1,FAM,0.760,0.004
25,2,FAM,0.760,0.004
25,3,FAM,0.759,0.003
25,4,FAM,0.758,0.002
25,5,FAM,0.758,0.001
25,6,FAM,0.757,0.001
25,7,FAM,0.757,0.001
25,8,FAM,0.757,0.001
25,9,FAM,0.756,-0.001
25,10,FAM,0.755,-0.001
25,11,FAM,0.755,-0.001
25,12,FAM,0.756,-0.001
25,13,FAM,0.756,-0.001
25,14,FAM,0.756,-0.001
25,15,FAM,0.756,-0.001
25,16,FAM,0.756,-0.001
25,17,FAM,0.756,-0.001
25,18,FAM,0.757,0.000
25,19,FAM,0.756,-0.001
25,20,FAM,0.756,-0.002
25,21,FAM,0.755,-0.002
25,22,FAM,0.756,-0.002
25,23,FAM,0.756,-0.001
25,24,FAM,0.756,-0.001
25,25,FAM,0.757,-0.001
25,26,FAM,0.757,0.000
25,27,FAM,0.758,0.000
25,28,FAM,0.758,0.000
25,29,FAM,0.759,0.001
25,30,FAM,0.761,0.003
25,31,FAM,0.763,0.005
25,32,FAM,0.769,0.011
25,33,FAM,0.781,0.023
25,34,FAM,0.803,0.045
25,35,FAM,0.842,0.083
25,36,FAM,0.908,0.150
25,37,FAM,1.011,0.253
25,38,FAM,1.145,0.387
25,39,FAM,1.292,0.533
25,40,FAM,1.412,0.654
26,1,FAM,0.818,0.004
26,2,FAM,0.818,0.004
26,3,FAM,0.817,0.003
26,4,FAM,0.817,0.003
26,5,FAM,0.816,0.002
26,6,FAM,0.815,0.001
26,7,FAM,0.815,0.001
26,8,FAM,0.814,0.000
26,9,FAM,0.814,0.000
26,10,FAM,0.814,-0.001
26,11,FAM,0.813,-0.001
26,12,FAM,0.813,-0.001
26,13,FAM,0.814,0.000
26,14,FAM,0.813,-0.001
26,15,FAM,0.812,-0.002
26,16,FAM,0.813,-0.001
26,17,FAM,0.814,-0.001
26,18,FAM,0.813,-0.002
26,19,FAM,0.813,-0.001
26,20,FAM,0.813,-0.001
26,21,FAM,0.812,-0.002
26,22,FAM,0.813,-0.001
26,23,FAM,0.813,-0.001
26,24,FAM,0.813,-0.001
26,25,FAM,0.813,-0.001
26,26,FAM,0.814,0.000
26,27,FAM,0.815,0.000
26,28,FAM,0.815,0.000
26,29,FAM,0.816,0.001
26,30,FAM,0.818,0.003
26,31,FAM,0.821,0.007
26,32,FAM,0.827,0.013
26,33,FAM,0.840,0.025
26,34,FAM,0.864,0.049
26,35,FAM,0.908,0.093
26,36,FAM,0.981,0.166
26,37,FAM,1.096,0.281
26,38,FAM,1.247,0.432
26,39,FAM,1.410,0.595
26,40,FAM,1.544,0.729
27,1,FAM,0.755,0.006
27,2,FAM,0.753,0.004
27,3,FAM,0.753,0.003
27,4,FAM,0.752,0.003
27,5,FAM,0.751,0.001
27,6,FAM,0.750,0.000
27,7,FAM,0.750,0.001
27,8,FAM,0.750,0.000
27,9,FAM,0.749,0.000
27,10,FAM,0.750,0.000
27,11,FAM,0.749,-0.001
27,12,FAM,0.749,-0.001
27,13,FAM,0.749,-0.001
27,14,FAM,0.749,-0.001
27,15,FAM,0.748,-0.002
27,16,FAM,0.748,-0.002
27,17,FAM,0.749,-0.002
27,18,FAM,0.749,-0.001
27,19,FAM,0.749,-0.001
27,20,FAM,0.749,-0.002
27,21,FAM,0.749,-0.001
27,22,FAM,0.750,-0.001
27,23,FAM,0.749,-0.001
27,24,FAM,0.750,-0.001
27,25,FAM,0.751,0.000
27,26,FAM,0.751,0.000
27,27,FAM,0.751,0.001
27,28,FAM,0.752,0.001
27,29,FAM,0.754,0.003
27,30,FAM,0.755,0.005
27,31,FAM,0.759,0.008
27,32,FAM,0.767,0.016
27,33,FAM,0.783,0.032
27,34,FAM,0.811,0.060
27,35,FAM,0.860,0.109
27,36,FAM,0.942,0.191
27,37,FAM,1.064,0.313
27,38,FAM,1.213,0.462
27,39,FAM,1.363,0.612
27,40,FAM,1.480,0.728
28,1,FAM,0.787,-0.004
28,2,FAM,0.788,-0.003
28,3,FAM,0.789,-0.002
28,4,FAM,0.793,0.002
28,5,FAM,0.803,0.012
28,6,FAM,0.822,0.031
28,7,FAM,0.858,0.066
28,8,FAM,0.919,0.128
28,9,FAM,1.017,0.226
28,10,FAM,1.148,0.357
28,11,FAM,1.291,0.500
28,12,FAM,1.424,0.632
28,13,FAM,1.537,0.746
28,14,FAM,1.629,0.838
28,15,FAM,1.701,0.910
28,16,FAM,1.761,0.970
28,17,FAM,1.807,1.016
28,18,FAM,1.840,1.049
28,19,FAM,1.868,1.077
28,20,FAM,1.889,1.098
28,21,FAM,1.905,1.114
28,22,FAM,1.917,1.125
28,23,FAM,1.926,1.135
28,24,FAM,1.932,1.141
28,25,FAM,1.936,1.145
28,26,FAM,1.936,1.145
28,27,FAM,1.939,1.148
28,28,FAM,1.940,1.149
28,29,FAM,1.941,1.149
28,30,FAM,1.941,1.150
28,31,FAM,1.943,1.152
28,32,FAM,1.942,1.151
28,33,FAM,1.943,1.152
28,34,FAM,1.944,1.153
28,35,FAM,1.944,1.153
28,36,FAM,1.943,1.152
28,37,FAM,1.943,1.152
28,38,FAM,1.944,1.152
28,39,FAM,1.943,1.152
28,40,FAM,1.942,1.151
29,1,FAM,0.800,-0.006
29,2,FAM,0.801,-0.005
29,3,FAM,0.805,-0.002
29,4,FAM,0.809,0.002
29,5,FAM,0.818,0.011
29,6,FAM,0.837,0.030
29,7,FAM,0.875,0.068
29,8,FAM,0.940,0.134
29,9,FAM,1.041,0.234
29,10,FAM,1.176,0.369
29,11,FAM,1.323,0.517
29,12,FAM,1.457,0.651
29,13,FAM,1.571,0.764
29,14,FAM,1.663,0.856
29,15,FAM,1.737,0.931
29,16,FAM,1.796,0.990
29,17,FAM,1.841,1.034
29,18,FAM,1.876,1.070
29,19,FAM,1.903,1.097
29,20,FAM,1.923,1.116
29,21,FAM,1.937,1.131
29,22,FAM,1.950,1.143
29,23,FAM,1.958,1.151
29,24,FAM,1.964,1.157
29,25,FAM,1.969,1.163
29,26,FAM,1.973,1.166
29,27,FAM,1.972,1.166
29,28,FAM,1.975,1.168
29,29,FAM,1.976,1.169
29,30,FAM,1.976,1.169
29,31,FAM,1.976,1.170
29,32,FAM,1.978,1.171
29,33,FAM,1.978,1.171
29,34,FAM,1.977,1.170
29,35,FAM,1.977,1.170
29,36,FAM,1.978,1.171
29,37,FAM,1.979,1.172
29,38,FAM,1.978,1.172
29,39,FAM,1.980,1.174
29,40,FAM,1.979,1.172
30,1,FAM,0.778,-0.002
30,2,FAM,0.777,-0.002
30,3,FAM,0.778,-0.001
30,4,FAM,0.781,0.001
30,5,FAM,0.789,0.010
30,6,FAM,0.807,0.027
30,7,FAM,0.839,0.059
30,8,FAM,0.896,0.116
30,9,FAM,0.987,0.207
30,10,FAM,1.112,0.333
30,11,FAM,1.254,0.474
30,12,FAM,1.387,0.607
30,13,FAM,1.501,0.722
30,14,FAM,1.595,0.816
30,15,FAM,1.671,0.891
30,16,FAM,1.732,0.952
30,17,FAM,1.779,0.999
30,18,FAM,1.816,1.037
30,19,FAM,1.844,1.064
30,20,FAM,1.866,1.086
30,21,FAM,1.882,1.103
30,22,FAM,1.893,1.114
30,23,FAM,1.904,1.124
30,24,FAM,1.910,1.131
30,25,FAM,1.915,1.135
30,26,FAM,1.918,1.138
30,27,FAM,1.920,1.140
30,28,FAM,1.921,1.142
30,29,FAM,1.923,1.143
30,30,FAM,1.924,1.145
30,31,FAM,1.925,1.146
30,32,FAM,1.924,1.144
30,33,FAM,1.925,1.146
30,34,FAM,1.924,1.144
30,35,FAM,1.925,1.145
30,36,FAM,1.926,1.146
30,37,FAM,1.926,1.146
30,38,FAM,1.924,1.145
30,39,FAM,1.925,1.145
30,40,FAM,1.925,1.145
31,1,FAM,0.782,0.008
31,2,FAM,0.781,0.005
31,3,FAM,0.780,0.004
31,4,FAM,0.779,0.003
31,5,FAM,0.778,0.002
31,6,FAM,0.778,0.001
31,7,FAM,0.778,0.000
31,8,FAM,0.778,0.000
31,9,FAM,0.778,-0.001
31,10,FAM,0.779,-0.001
31,11,FAM,0.779,-0.001
31,12,FAM,0.779,-0.002
31,13,FAM,0.779,-0.001
31,14,FAM,0.779,-0.002
31,15,FAM,0.780,-0.002
31,16,FAM,0.780,-0.002
31,17,FAM,0.781,-0.002
31,18,FAM,0.782,-0.001
31,19,FAM,0.783,-0.001
31,20,FAM,0.784,0.000
31,21,FAM,0.783,-0.002
31,22,FAM,0.784,-0.001
31,23,FAM,0.785,-0.001
31,24,FAM,0.786,0.000
31,25,FAM,0.787,0.001
31,26,FAM,0.788,0.001
31,27,FAM,0.789,0.002
31,28,FAM,0.793,0.005
31,29,FAM,0.797,0.008
31,30,FAM,0.804,0.016
31,31,FAM,0.817,0.028
31,32,FAM,0.836,0.046
31,33,FAM,0.864,0.074
31,34,FAM,0.896,0.105
31,35,FAM,0.929,0.138
31,36,FAM,0.961,0.169
31,37,FAM,0.990,0.198
31,38,FAM,1.019,0.226
31,39,FAM,1.045,0.252
31,40,FAM,1.066,0.272
32,1,FAM,0.767,0.009
32,2,FAM,0.763,0.005
32,3,FAM,0.761,0.003
32,4,FAM,0.761,0.002
32,5,FAM,0.761,0.001
32,6,FAM,0.761,0.001
32,7,FAM,0.762,0.001
32,8,FAM,0.761,0.000
32,9,FAM,0.761,0.000
32,10,FAM,0.763,0.000
32,11,FAM,0.763,0.000
32,12,FAM,0.763,0.000
32,13,FAM,0.763,-0.001
32,14,FAM,0.764,-0.001
32,15,FAM,0.764,-0.001
32,16,FAM,0.764,-0.002
32,17,FAM,0.764,-0.003
32,18,FAM,0.765,-0.002
32,19,FAM,0.766,-0.002
32,20,FAM,0.766,-0.002
32,21,FAM,0.767,-0.002
32,22,FAM,0.767,-0.002
32,23,FAM,0.769,-0.001
32,24,FAM,0.769,-0.002
32,25,FAM,0.770,-0.001
32,26,FAM,0.772,0.000
32,27,FAM,0.774,0.002
32,28,FAM,0.777,0.004
32,29,FAM,0.780,0.007
32,30,FAM,0.787,0.013
32,31,FAM,0.799,0.024
32,32,FAM,0.820,0.045
32,33,FAM,0.848,0.073
32,34,FAM,0.880,0.104
32,35,FAM,0.914,0.137
32,36,FAM,0.946,0.169
32,37,FAM,0.979,0.201
32,38,FAM,1.007,0.229
32,39,FAM,1.035,0.256
32,40,FAM,1.054,0.274
33,1,FAM,0.776,0.005
33,2,FAM,0.775,0.004
33,3,FAM,0.774,0.003
33,4,FAM,0.774,0.002
33,5,FAM,0.773,0.001
33,6,FAM,0.773,0.001
33,7,FAM,0.773,0.001
33,8,FAM,0.772,0.000
33,9,FAM,0.771,-0.001
33,10,FAM,0.772,0.000
33,11,FAM,0.772,0.000
33,12,FAM,0.772,0.000
33,13,FAM,0.771,-0.001
33,14,FAM,0.771,-0.002
33,15,FAM,0.771,-0.002
33,16,FAM,0.771,-0.001
33,17,FAM,0.771,-0.001
33,18,FAM,0.772,-0.001
33,19,FAM,0.771,-0.002
33,20,FAM,0.771,-0.002
33,21,FAM,0.771,-0.002
33,22,FAM,0.773,-0.001
33,23,FAM,0.772,-0.001
33,24,FAM,0.773,0.000
33,25,FAM,0.773,0.000
33,26,FAM,0.773,0.000
33,27,FAM,0.772,-0.001
33,28,FAM,0.772,-0.001
33,29,FAM,0.774,0.000
33,30,FAM,0.775,0.001
33,31,FAM,0.777,0.003
33,32,FAM,0.780,0.005
33,33,FAM,0.785,0.011
33,34,FAM,0.797,0.022
33,35,FAM,0.818,0.044
33,36,FAM,0.856,0.081
33,37,FAM,0.920,0.145
33,38,FAM,1.016,0.241
33,39,FAM,1.130,0.355
33,40,FAM,1.226,0.451
34,1,FAM,0.765,0.004
34,2,FAM,0.764,0.004
34,3,FAM,0.763,0.002
34,4,FAM,0.763,0.002
34,5,FAM,0.762,0.002
34,6,FAM,0.761,0.000
34,7,FAM,0.761,0.000
34,8,FAM,0.760,-0.001
34,9,FAM,0.760,-0.001
34,10,FAM,0.761,0.000
34,11,FAM,0.761,0.000
34,12,FAM,0.761,0.000
34,13,FAM,0.761,0.000
34,14,FAM,0.760,-0.001
34,15,FAM,0.761,-0.001
34,16,FAM,0.761,0.000
34,17,FAM,0.761,-0.001
34,18,FAM,0.760,-0.002
34,19,FAM,0.761,-0.001
34,20,FAM,0.761,-0.001
34,21,FAM,0.761,-0.001
34,22,FAM,0.761,-0.001
34,23,FAM,0.761,-0.001
34,24,FAM,0.762,0.000
34,25,FAM,0.762,-0.001
34,26,FAM,0.762,0.000
34,27,FAM,0.763,0.000
34,28,FAM,0.763,0.001
34,29,FAM,0.764,0.001
34,30,FAM,0.764,0.002
34,31,FAM,0.767,0.004
34,32,FAM,0.772,0.009
34,33,FAM,0.781,0.018
34,34,FAM,0.798,0.035
34,35,FAM,0.828,0.065
34,36,FAM,0.883,0.119
34,37,FAM,0.971,0.208
34,38,FAM,1.095,0.331
34,39,FAM,1.239,0.476
34,40,FAM,1.358,0.594
35,1,FAM,0.797,0.004
35,2,FAM,0.796,0.003
35,3,FAM,0.795,0.002
35,4,FAM,0.795,0.002
35,5,FAM,0.795,0.001
35,6,FAM,0.795,0.001
35,7,FAM,0.794,0.001
35,8,FAM,0.794,0.000
35,9,FAM,0.794,0.000
35,10,FAM,0.794,0.000
35,11,FAM,0.794,0.000
35,12,FAM,0.794,0.000
35,13,FAM,0.794,-0.001
35,14,FAM,0.794,-0.001
35,15,FAM,0.793,-0.001
35,16,FAM,0.793,-0.001
35,17,FAM,0.794,-0.001
35,18,FAM,0.794,-0.001
35,19,FAM,0.794,-0.001
35,20,FAM,0.794,-0.002
35,21,FAM,0.794,-0.001
35,22,FAM,0.795,-0.001
35,23,FAM,0.795,-0.001
35,24,FAM,0.795,-0.001
35,25,FAM,0.795,-0.001
35,26,FAM,0.795,-0.001
35,27,FAM,0.795,0.000
35,28,FAM,0.796,0.000
35,29,FAM,0.797,0.001
35,30,FAM,0.798,0.002
35,31,FAM,0.801,0.005
35,32,FAM,0.808,0.012
35,33,FAM,0.820,0.023
35,34,FAM,0.841,0.044
35,35,FAM,0.881,0.084
35,36,FAM,0.947,0.151
35,37,FAM,1.050,0.253
35,38,FAM,1.184,0.387
35,39,FAM,1.329,0.532
35,40,FAM,1.449,0.652
36,1,FAM,0.802,0.005
36,2,FAM,0.799,0.003
36,3,FAM,0.798,0.002
36,4,FAM,0.797,0.001
36,5,FAM,0.797,0.000
36,6,FAM,0.797,0.000
36,7,FAM,0.797,0.000
36,8,FAM,0.797,0.000
36,9,FAM,0.797,0.000
36,10,FAM,0.797,0.000
36,11,FAM,0.797,0.000
36,12,FAM,0.798,0.001
36,13,FAM,0.797,0.000
36,14,FAM,0.797,0.000
36,15,FAM,0.797,0.000
36,16,FAM,0.797,-0.001
36,17,FAM,0.796,-0.001
36,18,FAM,0.796,-0.001
36,19,FAM,0.795,-0.002
36,20,FAM,0.795,-0.002
36,21,FAM,0.795,-0.003
36,22,FAM,0.796,-0.001
36,23,FAM,0.797,-0.001
36,24,FAM,0.797,-0.001
36,25,FAM,0.797,-0.001
36,26,FAM,0.797,0.000
36,27,FAM,0.797,-0.001
36,28,FAM,0.798,0.000
36,29,FAM,0.799,0.001
36,30,FAM,0.800,0.002
36,31,FAM,0.803,0.005
36,32,FAM,0.810,0.012
36,33,FAM,0.821,0.022
36,34,FAM,0.841,0.042
36,35,FAM,0.878,0.079
36,36,FAM,0.943,0.144
36,37,FAM,1.046,0.248
36,38,FAM,1.185,0.386
36,39,FAM,1.335,0.536
36,40,FAM,1.452,0.653
37,1,FAM,0.844,0.004
37,2,FAM,0.843,0.003
37,3,FAM,0.842,0.003
37,4,FAM,0.842,0.002
37,5,FAM,0.841,0.002
37,6,FAM,0.841,0.001
37,7,FAM,0.840,0.000
37,8,FAM,0.839,0.000
37,9,FAM,0.840,0.000
37,10,FAM,0.839,-0.001
37,11,FAM,0.840,0.000
37,12,FAM,0.839,-0.001
37,13,FAM,0.839,-0.001
37,14,FAM,0.839,-0.002
37,15,FAM,0.839,-0.001
37,16,FAM,0.839,-0.001
37,17,FAM,0.839,-0.001
37,18,FAM,0.839,-0.001
37,19,FAM,0.840,-0.001
37,20,FAM,0.840,-0.001
37,21,FAM,0.839,-0.001
37,22,FAM,0.840,-0.001
37,23,FAM,0.841,0.000
37,24,FAM,0.841,0.000
37,25,FAM,0.842,0.001
37,26,FAM,0.841,0.000
37,27,FAM,0.843,0.001
37,28,FAM,0.846,0.005
37,29,FAM,0.851,0.010
37,30,FAM,0.860,0.019
37,31,FAM,0.879,0.038
37,32,FAM,0.913,0.071
37,33,FAM,0.972,0.131
37,34,FAM,1.069,0.227
37,35,FAM,1.204,0.362
37,36,FAM,1.365,0.524
37,37,FAM,1.526,0.684
37,38,FAM,1.664,0.822
37,39,FAM,1.771,0.929
37,40,FAM,1.841,0.999
38,1,FAM,0.802,0.003
38,2,FAM,0.802,0.003
38,3,FAM,0.802,0.003
38,4,FAM,0.802,0.003
38,5,FAM,0.801,0.001
38,6,FAM,0.800,0.001
38,7,FAM,0.799,0.000
38,8,FAM,0.798,-0.001
38,9,FAM,0.799,-0.001
38,10,FAM,0.799,0.000
38,11,FAM,0.799,-0.001
38,12,FAM,0.798,-0.001
38,13,FAM,0.798,-0.001
38,14,FAM,0.798,-0.001
38,15,FAM,0.798,-0.001
38,16,FAM,0.798,-0.001
38,17,FAM,0.799,-0.001
38,18,FAM,0.798,-0.001
38,19,FAM,0.798,-0.001
38,20,FAM,0.798,-0.001
38,21,FAM,0.798,-0.001
38,22,FAM,0.799,0.000
38,23,FAM,0.798,-0.001
38,24,FAM,0.799,0.000
38,25,FAM,0.799,0.000
38,26,FAM,0.799,0.000
38,27,FAM,0.801,0.002
38,28,FAM,0.804,0.005
38,29,FAM,0.808,0.009
38,30,FAM,0.817,0.018
38,31,FAM,0.833,0.034
38,32,FAM,0.863,0.064
38,33,FAM,0.916,0.116
38,34,FAM,1.003,0.204
38,35,FAM,1.129,0.330
38,36,FAM,1.281,0.482
38,37,FAM,1.434,0.635
38,38,FAM,1.569,0.770
38,39,FAM,1.677,0.878
38,40,FAM,1.750,0.951
39,1,FAM,0.778,0.003
39,2,FAM,0.778,0.003
39,3,FAM,0.777,0.003
39,4,FAM,0.776,0.001
39,5,FAM,0.775,0.001
39,6,FAM,0.775,0.001
39,7,FAM,0.775,0.001
39,8,FAM,0.774,0.000
39,9,FAM,0.774,0.000
39,10,FAM,0.773,-0.001
39,11,FAM,0.773,-0.001
39,12,FAM,0.773,-0.001
39,13,FAM,0.773,-0.001
39,14,FAM,0.773,-0.001
39,15,FAM,0.772,-0.001
39,16,FAM,0.772,-0.002
39,17,FAM,0.772,-0.002
39,18,FAM,0.771,-0.002
39,19,FAM,0.772,-0.002
39,20,FAM,0.773,-0.001
39,21,FAM,0.773,0.000
39,22,FAM,0.773,0.000
39,23,FAM,0.773,0.000
39,24,FAM,0.773,0.000
39,25,FAM,0.774,0.001
39,26,FAM,0.775,0.002
39,27,FAM,0.777,0.004
39,28,FAM,0.781,0.008
39,29,FAM,0.788,0.015
39,30,FAM,0.801,0.029
39,31,FAM,0.826,0.053
39,32,FAM,0.871,0.098
39,33,FAM,0.945,0.173
39,34,FAM,1.059,0.287
39,35,FAM,1.206,0.434
39,36,FAM,1.362,0.589
39,37,FAM,1.502,0.730
39,38,FAM,1.616,0.844
39,39,FAM,1.701,0.929
39,40,FAM,1.758,0.986
40,1,FAM,0.776,0.003
40,2,FAM,0.776,0.003
40,3,FAM,0.775,0.002
40,4,FAM,0.775,0.002
40,5,FAM,0.775,0.001
40,6,FAM,0.774,0.001
40,7,FAM,0.774,0.000
40,8,FAM,0.774,0.000
40,9,FAM,0.774,0.000
40,10,FAM,0.773,-0.001
40,11,FAM,0.773,0.000
40,12,FAM,0.774,0.000
40,13,FAM,0.773,-0.001
40,14,FAM,0.773,-0.001
40,15,FAM,0.773,-0.001
40,16,FAM,0.773,-0.001
40,17,FAM,0.773,-0.001
40,18,FAM,0.773,-0.001
40,19,FAM,0.774,-0.001
40,20,FAM,0.774,0.000
40,21,FAM,0.774,-0.001
40,22,FAM,0.774,-0.001
40,23,FAM,0.773,-0.002
40,24,FAM,0.773,-0.002
40,25,FAM,0.773,-0.001
40,26,FAM,0.774,-0.001
40,27,FAM,0.775,0.000
40,28,FAM,0.775,0.000
40,29,FAM,0.776,0.001
40,30,FAM,0.777,0.002
40,31,FAM,0.777,0.002
40,32,FAM,0.779,0.004
40,33,FAM,0.784,0.009
40,34,FAM,0.792,0.017
40,35,FAM,0.809,0.034
40,36,FAM,0.839,0.064
40,37,FAM,0.893,0.117
40,38,FAM,0.980,0.204
40,39,FAM,1.104,0.329
40,40,FAM,1.231,0.455
41,1,FAM,0.781,0.003
41,2,FAM,0.781,0.003
41,3,FAM,0.781,0.003
41,4,FAM,0.780,0.002
41,5,FAM,0.778,0.000
41,6,FAM,0.778,0.000
41,7,FAM,0.779,0.001
41,8,FAM,0.780,0.001
41,9,FAM,0.779,0.001
41,10,FAM,0.778,0.000
41,11,FAM,0.778,0.000
41,12,FAM,0.778,-0.001
41,13,FAM,0.778,-0.001
41,14,FAM,0.777,-0.001
41,15,FAM,0.778,-0.001
41,16,FAM,0.778,-0.001
41,17,FAM,0.778,-0.001
41,18,FAM,0.778,-0.001
41,19,FAM,0.778,-0.001
41,20,FAM,0.778,-0.001
41,21,FAM,0.778,-0.001
41,22,FAM,0.778,-0.001
41,23,FAM,0.778,-0.001
41,24,FAM,0.778,-0.001
41,25,FAM,0.778,-0.001
41,26,FAM,0.779,0.000
41,27,FAM,0.780,0.001
41,28,FAM,0.780,0.000
41,29,FAM,0.780,0.001
41,30,FAM,0.782,0.002
41,31,FAM,0.784,0.004
41,32,FAM,0.788,0.008
41,33,FAM,0.797,0.017
41,34,FAM,0.813,0.033
41,35,FAM,0.842,0.062
41,36,FAM,0.895,0.115
41,37,FAM,0.982,0.202
41,38,FAM,1.109,0.329
41,39,FAM,1.263,0.483
41,40,FAM,1.397,0.617
42,1,FAM,0.782,0.005
42,2,FAM,0.781,0.004
42,3,FAM,0.779,0.003
42,4,FAM,0.779,0.002
42,5,FAM,0.779,0.002
42,6,FAM,0.778,0.001
42,7,FAM,0.777,0.000
42,8,FAM,0.777,0.000
42,9,FAM,0.777,0.000
42,10,FAM,0.777,0.000
42,11,FAM,0.778,0.001
42,12,FAM,0.777,0.000
42,13,FAM,0.776,-0.001
42,14,FAM,0.776,-0.001
42,15,FAM,0.776,-0.001
42,16,FAM,0.775,-0.002
42,17,FAM,0.775,-0.002
42,18,FAM,0.776,-0.002
42,19,FAM,0.776,-0.001
42,20,FAM,0.776,-0.001
42,21,FAM,0.776,-0.001
42,22,FAM,0.776,-0.001
42,23,FAM,0.776,-0.001
42,24,FAM,0.777,-0.001
42,25,FAM,0.777,0.000
42,26,FAM,0.778,0.000
42,27,FAM,0.778,0.000
42,28,FAM,0.777,-0.001
42,29,FAM,0.777,0.000
42,30,FAM,0.779,0.001
42,31,FAM,0.780,0.003
42,32,FAM,0.783,0.006
42,33,FAM,0.789,0.011
42,34,FAM,0.801,0.023
42,35,FAM,0.823,0.045
42,36,FAM,0.862,0.084
42,37,FAM,0.929,0.152
42,38,FAM,1.036,0.258
42,39,FAM,1.175,0.397
42,40,FAM,1.306,0.528
43,1,FAM,0.781,0.013
43,2,FAM,0.780,0.009
43,3,FAM,0.780,0.005
43,4,FAM,0.781,0.002
43,5,FAM,0.783,0.001
43,6,FAM,0.786,0.000
43,7,FAM,0.787,-0.001
43,8,FAM,0.790,-0.002
43,9,FAM,0.794,-0.002
43,10,FAM,0.797,-0.002
43,11,FAM,0.802,-0.001
43,12,FAM,0.805,0.000
43,13,FAM,0.808,-0.001
43,14,FAM,0.811,-0.001
43,15,FAM,0.815,-0.001
43,16,FAM,0.819,-0.001
43,17,FAM,0.822,0.000
43,18,FAM,0.826,0.000
43,19,FAM,0.830,0.000
43,20,FAM,0.833,0.000
43,21,FAM,0.836,0.000
43,22,FAM,0.839,-0.001
43,23,FAM,0.844,0.001
43,24,FAM,0.848,0.001
43,25,FAM,0.854,0.004
43,26,FAM,0.861,0.008
43,27,FAM,0.871,0.014
43,28,FAM,0.886,0.026
43,29,FAM,0.905,0.041
43,30,FAM,0.925,0.058
43,31,FAM,0.947,0.077
43,32,FAM,0.969,0.095
43,33,FAM,0.988,0.110
43,34,FAM,1.007,0.126
43,35,FAM,1.025,0.141
43,36,FAM,1.041,0.154
43,37,FAM,1.057,0.165
43,38,FAM,1.072,0.177
43,39,FAM,1.085,0.187
43,40,FAM,1.094,0.193
44,1,FAM,0.775,0.015
44,2,FAM,0.773,0.010
44,3,FAM,0.773,0.006
44,4,FAM,0.773,0.003
44,5,FAM,0.775,0.001
44,6,FAM,0.778,0.000
44,7,FAM,0.780,-0.001
44,8,FAM,0.783,-0.002
44,9,FAM,0.786,-0.002
44,10,FAM,0.789,-0.002
44,11,FAM,0.793,-0.002
44,12,FAM,0.796,-0.002
44,13,FAM,0.800,-0.002
44,14,FAM,0.804,-0.001
44,15,FAM,0.807,-0.002
44,16,FAM,0.812,0.000
44,17,FAM,0.815,0.000
44,18,FAM,0.820,0.001
44,19,FAM,0.822,0.000
44,20,FAM,0.826,0.000
44,21,FAM,0.829,0.000
44,22,FAM,0.833,0.000
44,23,FAM,0.837,0.001
44,24,FAM,0.841,0.002
44,25,FAM,0.846,0.003
44,26,FAM,0.853,0.007
44,27,FAM,0.865,0.015
44,28,FAM,0.881,0.027
44,29,FAM,0.898,0.041
44,30,FAM,0.919,0.058
44,31,FAM,0.939,0.076
44,32,FAM,0.960,0.093
44,33,FAM,0.980,0.109
44,34,FAM,0.999,0.125
44,35,FAM,1.018,0.140
44,36,FAM,1.033,0.152
44,37,FAM,1.048,0.163
44,38,FAM,1.063,0.175
44,39,FAM,1.075,0.183
44,40,FAM,1.084,0.189
45,1,FAM,0.773,0.014
45,2,FAM,0.771,0.009
45,3,FAM,0.770,0.005
45,4,FAM,0.771,0.002
45,5,FAM,0.774,0.002
45,6,FAM,0.776,0.001
45,7,FAM,0.779,0.000
45,8,FAM,0.781,-0.002
45,9,FAM,0.783,-0.002
45,10,FAM,0.787,-0.002
45,11,FAM,0.791,-0.002
45,12,FAM,0.794,-0.002
45,13,FAM,0.797,-0.002
45,14,FAM,0.800,-0.002
45,15,FAM,0.804,-0.002
45,16,FAM,0.808,-0.001
45,17,FAM,0.811,-0.001
45,18,FAM,0.816,0.000
45,19,FAM,0.819,0.000
45,20,FAM,0.823,0.000
45,21,FAM,0.826,0.000
45,22,FAM,0.829,0.001
45,23,FAM,0.834,0.001
45,24,FAM,0.837,0.001
45,25,FAM,0.842,0.003
45,26,FAM,0.849,0.006
45,27,FAM,0.859,0.014
45,28,FAM,0.875,0.026
45,29,FAM,0.894,0.042
45,30,FAM,0.915,0.059
45,31,FAM,0.936,0.077
45,32,FAM,0.956,0.094
45,33,FAM,0.978,0.112
45,34,FAM,0.997,0.129
45,35,FAM,1.017,0.144
45,36,FAM,1.034,0.158
45,37,FAM,1.050,0.171
45,38,FAM,1.063,0.180
45,39,FAM,1.075,0.189
45,40,FAM,1.083,0.194
46,1,FAM,0.752,0.006
46,2,FAM,0.750,0.004
46,3,FAM,0.749,0.003
46,4,FAM,0.748,0.001
46,5,FAM,0.747,0.000
46,6,FAM,0.747,0.001
46,7,FAM,0.748,0.001
46,8,FAM,0.746,0.000
46,9,FAM,0.746,-0.001
46,10,FAM,0.747,0.000
46,11,FAM,0.747,0.000
46,12,FAM,0.747,0.000
46,13,FAM,0.747,0.000
46,14,FAM,0.747,0.000
46,15,FAM,0.746,-0.001
46,16,FAM,0.747,-0.001
46,17,FAM,0.747,-0.001
46,18,FAM,0.747,0.000
46,19,FAM,0.747,-0.001
46,20,FAM,0.747,-0.001
46,21,FAM,0.747,-0.001
46,22,FAM,0.747,-0.001
46,23,FAM,0.747,-0.001
46,24,FAM,0.747,-0.001
46,25,FAM,0.747,-0.001
46,26,FAM,0.747,-0.001
46,27,FAM,0.748,0.000
46,28,FAM,0.749,0.001
46,29,FAM,0.750,0.002
46,30,FAM,0.753,0.004
46,31,FAM,0.757,0.009
46,32,FAM,0.764,0.016
46,33,FAM,0.780,0.031
46,34,FAM,0.807,0.059
46,35,FAM,0.856,0.108
46,36,FAM,0.935,0.187
46,37,FAM,1.050,0.301
46,38,FAM,1.190,0.441
46,39,FAM,1.332,0.583
46,40,FAM,1.440,0.691
47,1,FAM,0.783,0.005
47,2,FAM,0.782,0.004
47,3,FAM,0.780,0.002
47,4,FAM,0.780,0.001
47,5,FAM,0.779,0.000
47,6,FAM,0.779,0.001
47,7,FAM,0.778,0.000
47,8,FAM,0.778,0.000
47,9,FAM,0.778,0.000
47,10,FAM,0.778,-0.001
47,11,FAM,0.778,0.000
47,12,FAM,0.779,0.000
47,13,FAM,0.778,0.000
47,14,FAM,0.779,0.000
47,15,FAM,0.778,-0.001
47,16,FAM,0.778,0.000
47,17,FAM,0.778,-0.001
47,18,FAM,0.778,-0.001
47,19,FAM,0.778,-0.001
47,20,FAM,0.777,-0.002
47,21,FAM,0.777,-0.002
47,22,FAM,0.778,-0.001
47,23,FAM,0.779,-0.001
47,24,FAM,0.779,-0.001
47,25,FAM,0.779,-0.001
47,26,FAM,0.779,0.000
47,27,FAM,0.779,0.000
47,28,FAM,0.780,0.001
47,29,FAM,0.782,0.002
47,30,FAM,0.785,0.005
47,31,FAM,0.791,0.011
47,32,FAM,0.800,0.020
47,33,FAM,0.818,0.038
47,34,FAM,0.851,0.071
47,35,FAM,0.906,0.126
47,36,FAM,0.987,0.207
47,37,FAM,1.085,0.304
47,38,FAM,1.183,0.403
47,39,FAM,1.268,0.488
47,40,FAM,1.329,0.549
48,1,FAM,0.787,0.007
48,2,FAM,0.785,0.004
48,3,FAM,0.783,0.002
48,4,FAM,0.782,0.002
48,5,FAM,0.781,0.001
48,6,FAM,0.781,0.000
48,7,FAM,0.782,0.001
48,8,FAM,0.781,0.000
48,9,FAM,0.781,-0.001
48,10,FAM,0.781,-0.001
48,11,FAM,0.781,0.000
48,12,FAM,0.782,0.000
48,13,FAM,0.781,0.000
48,14,FAM,0.780,-0.001
48,15,FAM,0.781,0.000
48,16,FAM,0.782,0.000
48,17,FAM,0.781,-0.001
48,18,FAM,0.780,-0.001
48,19,FAM,0.781,-0.001
48,20,FAM,0.781,-0.001
48,21,FAM,0.781,-0.001
48,22,FAM,0.781,-0.001
48,23,FAM,0.781,-0.001
48,24,FAM,0.782,-0.001
48,25,FAM,0.782,0.000
48,26,FAM,0.782,0.000
48,27,FAM,0.782,-0.001
48,28,FAM,0.783,0.000
48,29,FAM,0.785,0.002
48,30,FAM,0.787,0.005
48,31,FAM,0.792,0.009
48,32,FAM,0.800,0.018
48,33,FAM,0.816,0.033
48,34,FAM,0.845,0.062
48,35,FAM,0.894,0.111
48,36,FAM,0.967,0.184
48,37,FAM,1.054,0.271
48,38,FAM,1.143,0.360
48,39,FAM,1.223,0.440
48,40,FAM,1.279,0.496
49,1,FAM,0.778,0.002
49,2,FAM,0.778,0.002
49,3,FAM,0.778,0.002
49,4,FAM,0.778,0.002
49,5,FAM,0.778,0.001
49,6,FAM,0.777,0.001
49,7,FAM,0.776,0.000
49,8,FAM,0.775,-0.001
49,9,FAM,0.775,-0.001
49,10,FAM,0.775,-0.001
49,11,FAM,0.774,-0.002
49,12,FAM,0.775,-0.001
49,13,FAM,0.775,-0.001
49,14,FAM,0.775,-0.001
49,15,FAM,0.775,-0.001
49,16,FAM,0.775,-0.001
49,17,FAM,0.774,-0.002
49,18,FAM,0.775,-0.001
49,19,FAM,0.776,0.000
49,20,FAM,0.776,0.000
49,21,FAM,0.776,0.000
49,22,FAM,0.777,0.001
49,23,FAM,0.778,0.002
49,24,FAM,0.779,0.003
49,25,FAM,0.784,0.008
49,26,FAM,0.792,0.016
49,27,FAM,0.807,0.030
49,28,FAM,0.833,0.057
49,29,FAM,0.882,0.106
49,30,FAM,0.964,0.188
49,31,FAM,1.084,0.308
49,32,FAM,1.233,0.457
49,33,FAM,1.388,0.612
49,34,FAM,1.526,0.750
49,35,FAM,1.635,0.859
49,36,FAM,1.717,0.941
49,37,FAM,1.780,1.003
49,38,FAM,1.823,1.047
49,39,FAM,1.854,1.077
49,40,FAM,1.876,1.099
50,1,FAM,0.798,0.003
50,2,FAM,0.798,0.002
50,3,FAM,0.798,0.003
50,4,FAM,0.798,0.003
50,5,FAM,0.797,0.001
50,6,FAM,0.795,0.000
50,7,FAM,0.794,-0.001
50,8,FAM,0.794,-0.001
50,9,FAM,0.794,-0.001
50,10,FAM,0.794,-0.001
50,11,FAM,0.794,-0.002
50,12,FAM,0.794,-0.001
50,13,FAM,0.795,0.000
50,14,FAM,0.795,0.000
50,15,FAM,0.794,-0.001
50,16,FAM,0.794,-0.001
50,17,FAM,0.794,-0.001
50,18,FAM,0.794,-0.001
50,19,FAM,0.794,-0.001
50,20,FAM,0.795,0.000
50,21,FAM,0.794,0.000
50,22,FAM,0.795,0.000
50,23,FAM,0.796,0.002
50,24,FAM,0.799,0.004
50,25,FAM,0.802,0.007
50,26,FAM,0.809,0.014
50,27,FAM,0.822,0.027
50,28,FAM,0.846,0.051
50,29,FAM,0.890,0.095
50,30,FAM,0.964,0.169
50,31,FAM,1.078,0.283
50,32,FAM,1.226,0.431
50,33,FAM,1.385,0.590
50,34,FAM,1.528,0.734
50,35,FAM,1.646,0.851
50,36,FAM,1.732,0.938
50,37,FAM,1.797,1.003
50,38,FAM,1.846,1.051
50,39,FAM,1.880,1.085
50,40,FAM,1.903,1.108
51,1,FAM,0.761,0.005
51,2,FAM,0.759,0.003
51,3,FAM,0.758,0.002
51,4,FAM,0.757,0.001
51,5,FAM,0.757,0.001
51,6,FAM,0.757,0.001
51,7,FAM,0.756,0.000
51,8,FAM,0.755,-0.001
51,9,FAM,0.755,-0.001
51,10,FAM,0.755,-0.001
51,11,FAM,0.755,0.000
51,12,FAM,0.756,0.000
51,13,FAM,0.755,-0.001
51,14,FAM,0.754,-0.001
51,15,FAM,0.754,-0.002
51,16,FAM,0.755,-0.001
51,17,FAM,0.755,-0.001
51,18,FAM,0.755,-0.001
51,19,FAM,0.755,-0.001
51,20,FAM,0.755,-0.001
51,21,FAM,0.755,-0.001
51,22,FAM,0.756,0.001
51,23,FAM,0.758,0.002
51,24,FAM,0.760,0.004
51,25,FAM,0.764,0.008
51,26,FAM,0.771,0.015
51,27,FAM,0.785,0.029
51,28,FAM,0.813,0.057
51,29,FAM,0.861,0.106
51,30,FAM,0.942,0.186
51,31,FAM,1.061,0.305
51,32,FAM,1.208,0.452
51,33,FAM,1.360,0.604
51,34,FAM,1.492,0.736
51,35,FAM,1.594,0.839
51,36,FAM,1.672,0.916
51,37,FAM,1.728,0.972
51,38,FAM,1.769,1.014
51,39,FAM,1.801,1.045
51,40,FAM,1.821,1.066
52,1,FAM,0.787,0.003
52,2,FAM,0.787,0.003
52,3,FAM,0.787,0.002
52,4,FAM,0.786,0.001
52,5,FAM,0.786,0.001
52,6,FAM,0.785,0.001
52,7,FAM,0.785,0.001
52,8,FAM,0.784,0.000
52,9,FAM,0.784,0.000
52,10,FAM,0.784,0.000
52,11,FAM,0.784,0.000
52,12,FAM,0.783,-0.001
52,13,FAM,0.783,-0.002
52,14,FAM,0.784,-0.001
52,15,FAM,0.783,-0.001
52,16,FAM,0.783,-0.001
52,17,FAM,0.783,-0.001
52,18,FAM,0.783,-0.001
52,19,FAM,0.782,-0.002
52,20,FAM,0.783,-0.001
52,21,FAM,0.784,0.000
52,22,FAM,0.784,0.000
52,23,FAM,0.784,0.000
52,24,FAM,0.783,-0.001
52,25,FAM,0.783,-0.001
52,26,FAM,0.784,0.000
52,27,FAM,0.784,0.000
52,28,FAM,0.784,0.001
52,29,FAM,0.786,0.002
52,30,FAM,0.788,0.004
52,31,FAM,0.791,0.007
52,32,FAM,0.798,0.014
52,33,FAM,0.811,0.028
52,34,FAM,0.837,0.053
52,35,FAM,0.883,0.099
52,36,FAM,0.960,0.176
52,37,FAM,1.074,0.290
52,38,FAM,1.219,0.436
52,39,FAM,1.372,0.588
52,40,FAM,1.491,0.707
53,1,FAM,0.779,0.004
53,2,FAM,0.779,0.004
53,3,FAM,0.778,0.003
53,4,FAM,0.778,0.002
53,5,FAM,0.778,0.002
53,6,FAM,0.776,0.001
53,7,FAM,0.776,0.001
53,8,FAM,0.776,0.000
53,9,FAM,0.775,-0.001
53,10,FAM,0.775,-0.001
53,11,FAM,0.775,-0.001
53,12,FAM,0.775,-0.001
53,13,FAM,0.776,0.000
53,14,FAM,0.775,-0.001
53,15,FAM,0.775,-0.001
53,16,FAM,0.775,-0.001
53,17,FAM,0.775,-0.001
53,18,FAM,0.775,-0.002
53,19,FAM,0.775,-0.001
53,20,FAM,0.776,-0.001
53,21,FAM,0.776,-0.001
53,22,FAM,0.776,-0.001
53,23,FAM,0.776,-0.001
53,24,FAM,0.776,-0.001
53,25,FAM,0.776,-0.001
53,26,FAM,0.776,-0.001
53,27,FAM,0.777,0.000
53,28,FAM,0.778,0.001
53,29,FAM,0.778,0.001
53,30,FAM,0.780,0.002
53,31,FAM,0.783,0.005
53,32,FAM,0.788,0.011
53,33,FAM,0.799,0.021
53,34,FAM,0.818,0.040
53,35,FAM,0.856,0.078
53,36,FAM,0.921,0.144
53,37,FAM,1.024,0.246
53,38,FAM,1.162,0.384
53,39,FAM,1.313,0.535
53,40,FAM,1.434,0.656
54,1,FAM,0.759,0.003
54,2,FAM,0.758,0.003
54,3,FAM,0.757,0.001
54,4,FAM,0.756,0.001
54,5,FAM,0.756,0.001
54,6,FAM,0.756,0.001
54,7,FAM,0.757,0.001
54,8,FAM,0.756,0.000
54,9,FAM,0.755,-0.001
54,10,FAM,0.756,0.000
54,11,FAM,0.755,-0.001
54,12,FAM,0.755,-0.001
54,13,FAM,0.755,-0.001
54,14,FAM,0.756,0.000
54,15,FAM,0.756,0.000
54,16,FAM,0.755,-0.001
54,17,FAM,0.755,-0.001
54,18,FAM,0.755,-0.001
54,19,FAM,0.754,-0.001
54,20,FAM,0.754,-0.002
54,21,FAM,0.755,-0.001
54,22,FAM,0.756,0.000
54,23,FAM,0.756,0.000
54,24,FAM,0.756,0.000
54,25,FAM,0.756,0.000
54,26,FAM,0.755,-0.001
54,27,FAM,0.756,0.000
54,28,FAM,0.756,0.000
54,29,FAM,0.757,0.001
54,30,FAM,0.759,0.004
54,31,FAM,0.763,0.007
54,32,FAM,0.770,0.014
54,33,FAM,0.782,0.026
54,34,FAM,0.805,0.049
54,35,FAM,0.848,0.092
54,36,FAM,0.918,0.162
54,37,FAM,1.023,0.267
54,38,FAM,1.158,0.402
54,39,FAM,1.304,0.548
54,40,FAM,1.423,0.667
55,1,FAM,0.751,0.004
55,2,FAM,0.750,0.004
55,3,FAM,0.749,0.003
55,4,FAM,0.749,0.002
55,5,FAM,0.747,0.001
55,6,FAM,0.747,0.001
55,7,FAM,0.747,0.000
55,8,FAM,0.746,0.000
55,9,FAM,0.746,0.000
55,10,FAM,0.746,0.000
55,11,FAM,0.746,0.000
55,12,FAM,0.746,0.000
55,13,FAM,0.746,0.000
55,14,FAM,0.745,-0.001
55,15,FAM,0.744,-0.002
55,16,FAM,0.744,-0.002
55,17,FAM,0.744,-0.002
55,18,FAM,0.743,-0.002
55,19,FAM,0.744,-0.002
55,20,FAM,0.744,-0.002
55,21,FAM,0.743,-0.003
55,22,FAM,0.744,-0.001
55,23,FAM,0.745,0.000
55,24,FAM,0.745,0.000
55,25,FAM,0.745,0.000
55,26,FAM,0.745,0.000
55,27,FAM,0.746,0.001
55,28,FAM,0.746,0.001
55,29,FAM,0.747,0.001
55,30,FAM,0.746,0.001
55,31,FAM,0.749,0.004
55,32,FAM,0.754,0.009
55,33,FAM,0.761,0.016
55,34,FAM,0.777,0.032
55,35,FAM,0.805,0.060
55,36,FAM,0.854,0.110
55,37,FAM,0.937,0.192
55,38,FAM,1.059,0.315
55,39,FAM,1.209,0.464
55,40,FAM,1.339,0.594
56,1,FAM,0.765,0.006
56,2,FAM,0.762,0.003
56,3,FAM,0.762,0.003
56,4,FAM,0.762,0.003
56,5,FAM,0.760,0.001
56,6,FAM,0.759,0.001
56,7,FAM,0.759,0.000
56,8,FAM,0.758,-0.001
56,9,FAM,0.758,-0.001
56,10,FAM,0.758,-0.001
56,11,FAM,0.758,-0.001
56,12,FAM,0.758,-0.001
56,13,FAM,0.759,0.000
56,14,FAM,0.758,0.000
56,15,FAM,0.758,-0.001
56,16,FAM,0.758,-0.001
56,17,FAM,0.757,-0.002
56,18,FAM,0.757,-0.002
56,19,FAM,0.758,-0.001
56,20,FAM,0.757,-0.002
56,21,FAM,0.757,-0.001
56,22,FAM,0.757,-0.001
56,23,FAM,0.758,-0.001
56,24,FAM,0.758,-0.001
56,25,FAM,0.758,0.000
56,26,FAM,0.758,0.000
56,27,FAM,0.759,0.000
56,28,FAM,0.759,0.001
56,29,FAM,0.761,0.003
56,30,FAM,0.763,0.005
56,31,FAM,0.767,0.009
56,32,FAM,0.777,0.018
56,33,FAM,0.793,0.035
56,34,FAM,0.822,0.064
56,35,FAM,0.876,0.118
56,36,FAM,0.962,0.204
56,37,FAM,1.088,0.330
56,38,FAM,1.238,0.480
56,39,FAM,1.385,0.627
56,40,FAM,1.497,0.739
57,1,FAM,0.749,0.005
57,2,FAM,0.747,0.003
57,3,FAM,0.746,0.002
57,4,FAM,0.746,0.002
57,5,FAM,0.746,0.002
57,6,FAM,0.746,0.002
57,7,FAM,0.745,0.001
57,8,FAM,0.743,-0.001
57,9,FAM,0.743,-0.001
57,10,FAM,0.744,-0.001
57,11,FAM,0.743,-0.001
57,12,FAM,0.744,0.000
57,13,FAM,0.744,0.000
57,14,FAM,0.744,0.000
57,15,FAM,0.744,0.000
57,16,FAM,0.743,-0.001
57,17,FAM,0.743,-0.001
57,18,FAM,0.743,-0.001
57,19,FAM,0.742,-0.002
57,20,FAM,0.742,-0.002
57,21,FAM,0.742,-0.001
57,22,FAM,0.742,-0.002
57,23,FAM,0.742,-0.002
57,24,FAM,0.743,-0.001
57,25,FAM,0.743,-0.001
57,26,FAM,0.743,0.000
57,27,FAM,0.744,0.000
57,28,FAM,0.744,0.000
57,29,FAM,0.744,0.000
57,30,FAM,0.746,0.002
57,31,FAM,0.749,0.006
57,32,FAM,0.755,0.012
57,33,FAM,0.765,0.022
57,34,FAM,0.784,0.040
57,35,FAM,0.816,0.073
57,36,FAM,0.876,0.132
57,37,FAM,0.972,0.229
57,38,FAM,1.105,0.361
57,39,FAM,1.256,0.513
57,40,FAM,1.382,0.639
58,1,FAM,0.763,0.007
58,2,FAM,0.760,0.004
58,3,FAM,0.758,0.001
58,4,FAM,0.757,0.001
58,5,FAM,0.757,0.000
58,6,FAM,0.757,0.001
58,7,FAM,0.756,-0.001
58,8,FAM,0.755,-0.001
58,9,FAM,0.755,-0.001
58,10,FAM,0.755,-0.001
58,11,FAM,0.756,-0.001
58,12,FAM,0.757,0.001
58,13,FAM,0.759,0.002
58,14,FAM,0.763,0.006
58,15,FAM,0.770,0.014
58,16,FAM,0.784,0.028
58,17,FAM,0.811,0.055
58,18,FAM,0.858,0.101
58,19,FAM,0.938,0.182
58,20,FAM,1.056,0.300
58,21,FAM,1.199,0.443
58,22,FAM,1.343,0.586
58,23,FAM,1.470,0.713
58,24,FAM,1.571,0.814
58,25,FAM,1.649,0.892
58,26,FAM,1.707,0.950
58,27,FAM,1.748,0.992
58,28,FAM,1.780,1.024
58,29,FAM,1.805,1.048
58,30,FAM,1.826,1.069
58,31,FAM,1.838,1.081
58,32,FAM,1.846,1.089
58,33,FAM,1.855,1.099
58,34,FAM,1.861,1.105
58,35,FAM,1.863,1.106
58,36,FAM,1.867,1.110
58,37,FAM,1.869,1.112
58,38,FAM,1.870,1.113
58,39,FAM,1.870,1.113
58,40,FAM,1.871,1.114
59,1,FAM,0.793,0.005
59,2,FAM,0.791,0.003
59,3,FAM,0.789,0.001
59,4,FAM,0.789,0.001
59,5,FAM,0.789,0.001
59,6,FAM,0.789,0.000
59,7,FAM,0.787,-0.001
59,8,FAM,0.787,-0.002
59,9,FAM,0.787,-0.002
59,10,FAM,0.788,-0.001
59,11,FAM,0.789,-0.001
59,12,FAM,0.790,0.001
59,13,FAM,0.793,0.003
59,14,FAM,0.796,0.006
59,15,FAM,0.804,0.014
59,16,FAM,0.819,0.028
59,17,FAM,0.847,0.056
59,18,FAM,0.897,0.106
59,19,FAM,0.980,0.190
59,20,FAM,1.103,0.312
59,21,FAM,1.253,0.462
59,22,FAM,1.403,0.611
59,23,FAM,1.532,0.741
59,24,FAM,1.635,0.844
59,25,FAM,1.716,0.924
59,26,FAM,1.775,0.983
59,27,FAM,1.820,1.027
59,28,FAM,1.854,1.062
59,29,FAM,1.882,1.089
59,30,FAM,1.899,1.107
59,31,FAM,1.912,1.119
59,32,FAM,1.922,1.129
59,33,FAM,1.931,1.138
59,34,FAM,1.937,1.143
59,35,FAM,1.940,1.146
59,36,FAM,1.940,1.146
59,37,FAM,1.942,1.148
59,38,FAM,1.944,1.150
59,39,FAM,1.942,1.148
59,40,FAM,1.940,1.146
60,1,FAM,0.799,0.004
60,2,FAM,0.797,0.003
60,3,FAM,0.796,0.001
60,4,FAM,0.796,0.001
60,5,FAM,0.795,0.000
60,6,FAM,0.795,0.000
60,7,FAM,0.795,0.000
60,8,FAM,0.794,-0.002
60,9,FAM,0.794,-0.002
60,10,FAM,0.794,-0.002
60,11,FAM,0.796,0.000
60,12,FAM,0.797,0.001
60,13,FAM,0.798,0.002
60,14,FAM,0.803,0.007
60,15,FAM,0.812,0.016
60,16,FAM,0.829,0.033
60,17,FAM,0.862,0.065
60,18,FAM,0.918,0.121
60,19,FAM,1.010,0.214
60,20,FAM,1.143,0.346
60,21,FAM,1.296,0.499
60,22,FAM,1.444,0.647
60,23,FAM,1.569,0.772
60,24,FAM,1.667,0.870
60,25,FAM,1.742,0.944
60,26,FAM,1.797,1.000
60,27,FAM,1.840,1.042
60,28,FAM,1.869,1.072
60,29,FAM,1.891,1.093
60,30,FAM,1.910,1.112
60,31,FAM,1.921,1.123
60,32,FAM,1.929,1.131
60,33,FAM,1.937,1.139
60,34,FAM,1.941,1.142
60,35,FAM,1.942,1.144
60,36,FAM,1.944,1.146
60,37,FAM,1.948,1.149
60,38,FAM,1.948,1.149
60,39,FAM,1.950,1.151
60,40,FAM,1.952,1.152
61,1,FAM,0.792,0.007
61,2,FAM,0.789,0.003
61,3,FAM,0.787,0.002
61,4,FAM,0.786,0.001
61,5,FAM,0.786,0.001
61,6,FAM,0.786,0.001
61,7,FAM,0.784,-0.001
61,8,FAM,0.784,-0.001
61,9,FAM,0.785,0.000
61,10,FAM,0.784,-0.001
61,11,FAM,0.783,-0.001
61,12,FAM,0.784,0.000
61,13,FAM,0.785,0.000
61,14,FAM,0.784,0.000
61,15,FAM,0.784,-0.001
61,16,FAM,0.783,-0.001
61,17,FAM,0.783,-0.001
61,18,FAM,0.784,0.000
61,19,FAM,0.784,0.000
61,20,FAM,0.785,0.001
61,21,FAM,0.788,0.003
61,22,FAM,0.793,0.009
61,23,FAM,0.804,0.020
61,24,FAM,0.824,0.040
61,25,FAM,0.860,0.076
61,26,FAM,0.921,0.137
61,27,FAM,1.019,0.235
61,28,FAM,1.155,0.371
61,29,FAM,1.311,0.527
61,30,FAM,1.459,0.676
61,31,FAM,1.581,0.798
61,32,FAM,1.675,0.892
61,33,FAM,1.747,0.964
61,34,FAM,1.800,1.016
61,35,FAM,1.836,1.053
61,36,FAM,1.861,1.078
61,37,FAM,1.880,1.097
61,38,FAM,1.894,1.111
61,39,FAM,1.903,1.120
61,40,FAM,1.910,1.127
62,1,FAM,0.813,0.007
62,2,FAM,0.809,0.004
62,3,FAM,0.806,0.001
62,4,FAM,0.805,0.000
62,5,FAM,0.805,0.000
62,6,FAM,0.806,0.001
62,7,FAM,0.805,0.001
62,8,FAM,0.804,0.000
62,9,FAM,0.805,0.000
62,10,FAM,0.804,0.000
62,11,FAM,0.804,0.000
62,12,FAM,0.803,-0.001
62,13,FAM,0.804,0.000
62,14,FAM,0.803,-0.001
62,15,FAM,0.803,-0.001
62,16,FAM,0.801,-0.002
62,17,FAM,0.802,-0.002
62,18,FAM,0.803,0.000
62,19,FAM,0.804,0.000
62,20,FAM,0.804,0.001
62,21,FAM,0.806,0.003
62,22,FAM,0.809,0.006
62,23,FAM,0.816,0.013
62,24,FAM,0.830,0.028
62,25,FAM,0.853,0.051
62,26,FAM,0.894,0.092
62,27,FAM,0.967,0.165
62,28,FAM,1.080,0.278
62,29,FAM,1.229,0.428
62,30,FAM,1.392,0.590
62,31,FAM,1.542,0.740
62,32,FAM,1.661,0.860
62,33,FAM,1.752,0.951
62,34,FAM,1.818,1.017
62,35,FAM,1.868,1.067
62,36,FAM,1.905,1.104
62,37,FAM,1.930,1.129
62,38,FAM,1.950,1.150
62,39,FAM,1.964,1.164
62,40,FAM,1.971,1.171
63,1,FAM,0.756,0.007
63,2,FAM,0.755,0.005
63,3,FAM,0.753,0.003
63,4,FAM,0.751,0.002
63,5,FAM,0.751,0.001
63,6,FAM,0.750,0.000
63,7,FAM,0.749,-0.001
63,8,FAM,0.749,-0.001
63,9,FAM,0.748,-0.001
63,10,FAM,0.749,-0.001
63,11,FAM,0.749,-0.001
63,12,FAM,0.749,-0.001
63,13,FAM,0.749,-0.001
63,14,FAM,0.749,0.000
63,15,FAM,0.749,-0.001
63,16,FAM,0.748,-0.001
63,17,FAM,0.748,-0.001
63,18,FAM,0.749,-0.001
63,19,FAM,0.749,-0.001
63,20,FAM,0.749,-0.001
63,21,FAM,0.749,-0.001
63,22,FAM,0.751,0.002
63,23,FAM,0.755,0.006
63,24,FAM,0.761,0.011
63,25,FAM,0.773,0.023
63,26,FAM,0.796,0.046
63,27,FAM,0.837,0.087
63,28,FAM,0.906,0.156
63,29,FAM,1.011,0.261
63,30,FAM,1.147,0.397
63,31,FAM,1.294,0.544
63,32,FAM,1.428,0.678
63,33,FAM,1.539,0.789
63,34,FAM,1.624,0.874
63,35,FAM,1.686,0.935
63,36,FAM,1.729,0.979
63,37,FAM,1.765,1.015
63,38,FAM,1.789,1.039
63,39,FAM,1.807,1.057
63,40,FAM,1.822,1.072
64,1,FAM,0.806,0.002
64,2,FAM,0.806,0.002
64,3,FAM,0.805,0.002
64,4,FAM,0.806,0.002
64,5,FAM,0.805,0.001
64,6,FAM,0.805,0.002
64,7,FAM,0.804,0.000
64,8,FAM,0.802,-0.001
64,9,FAM,0.802,-0.001
64,10,FAM,0.803,0.000
64,11,FAM,0.802,-0.001
64,12,FAM,0.802,-0.001
64,13,FAM,0.803,0.000
64,14,FAM,0.802,-0.001
64,15,FAM,0.801,-0.002
64,16,FAM,0.802,-0.001
64,17,FAM,0.802,-0.001
64,18,FAM,0.802,-0.001
64,19,FAM,0.802,-0.001
64,20,FAM,0.801,-0.001
64,21,FAM,0.801,-0.001
64,22,FAM,0.801,-0.001
64,23,FAM,0.802,0.000
64,24,FAM,0.801,0.000
64,25,FAM,0.802,0.000
64,26,FAM,0.802,0.000
64,27,FAM,0.802,0.000
64,28,FAM,0.804,0.002
64,29,FAM,0.805,0.004
64,30,FAM,0.809,0.008
64,31,FAM,0.818,0.017
64,32,FAM,0.832,0.031
64,33,FAM,0.858,0.057
64,34,FAM,0.907,0.106
64,35,FAM,0.985,0.185
64,36,FAM,1.103,0.302
64,37,FAM,1.249,0.448
64,38,FAM,1.404,0.603
64,39,FAM,1.543,0.743
64,40,FAM,1.644,0.844
65,1,FAM,0.788,0.006
65,2,FAM,0.785,0.003
65,3,FAM,0.783,0.001
65,4,FAM,0.784,0.002
65,5,FAM,0.784,0.002
65,6,FAM,0.783,0.001
65,7,FAM,0.783,0.001
65,8,FAM,0.782,0.000
65,9,FAM,0.782,0.000
65,10,FAM,0.782,0.000
65,11,FAM,0.782,0.000
65,12,FAM,0.781,-0.001
65,13,FAM,0.782,-0.001
65,14,FAM,0.781,-0.001
65,15,FAM,0.781,-0.001
65,16,FAM,0.781,-0.002
65,17,FAM,0.781,-0.002
65,18,FAM,0.781,-0.001
65,19,FAM,0.780,-0.002
65,20,FAM,0.781,-0.001
65,21,FAM,0.781,-0.001
65,22,FAM,0.780,-0.002
65,23,FAM,0.781,-0.001
65,24,FAM,0.782,0.000
65,25,FAM,0.782,0.000
65,26,FAM,0.782,0.000
65,27,FAM,0.782,0.000
65,28,FAM,0.783,0.001
65,29,FAM,0.784,0.001
65,30,FAM,0.784,0.002
65,31,FAM,0.786,0.004
65,32,FAM,0.790,0.008
65,33,FAM,0.797,0.015
65,34,FAM,0.810,0.028
65,35,FAM,0.834,0.052
65,36,FAM,0.880,0.098
65,37,FAM,0.955,0.173
65,38,FAM,1.071,0.289
65,39,FAM,1.220,0.438
65,40,FAM,1.356,0.574
66,1,FAM,0.778,0.005
66,2,FAM,0.776,0.003
66,3,FAM,0.775,0.001
66,4,FAM,0.774,0.001
66,5,FAM,0.775,0.001
66,6,FAM,0.775,0.002
66,7,FAM,0.775,0.002
66,8,FAM,0.774,0.001
66,9,FAM,0.774,0.000
66,10,FAM,0.773,-0.001
66,11,FAM,0.774,0.000
66,12,FAM,0.774,0.000
66,13,FAM,0.773,0.000
66,14,FAM,0.773,-0.001
66,15,FAM,0.772,-0.002
66,16,FAM,0.772,-0.002
66,17,FAM,0.773,-0.001
66,18,FAM,0.773,-0.001
66,19,FAM,0.773,-0.001
66,20,FAM,0.773,-0.001
66,21,FAM,0.774,0.000
66,22,FAM,0.774,0.000
66,23,FAM,0.773,-0.001
66,24,FAM,0.773,-0.001
66,25,FAM,0.774,0.000
66,26,FAM,0.774,0.000
66,27,FAM,0.774,0.000
66,28,FAM,0.774,0.000
66,29,FAM,0.775,0.001
66,30,FAM,0.776,0.002
66,31,FAM,0.778,0.004
66,32,FAM,0.783,0.009
66,33,FAM,0.790,0.016
66,34,FAM,0.805,0.031
66,35,FAM,0.832,0.058
66,36,FAM,0.881,0.106
66,37,FAM,0.960,0.186
66,38,FAM,1.076,0.302
66,39,FAM,1.219,0.444
66,40,FAM,1.347,0.573
67,1,FAM,0.778,0.006
67,2,FAM,0.775,0.004
67,3,FAM,0.774,0.002
67,4,FAM,0.774,0.002
67,5,FAM,0.773,0.002
67,6,FAM,0.772,0.000
67,7,FAM,0.771,-0.001
67,8,FAM,0.771,-0.001
67,9,FAM,0.771,-0.001
67,10,FAM,0.770,-0.001
67,11,FAM,0.771,0.000
67,12,FAM,0.770,-0.001
67,13,FAM,0.771,0.000
67,14,FAM,0.770,-0.001
67,15,FAM,0.770,0.000
67,16,FAM,0.770,-0.001
67,17,FAM,0.770,-0.001
67,18,FAM,0.771,0.000
67,19,FAM,0.770,-0.001
67,20,FAM,0.770,-0.001
67,21,FAM,0.770,-0.001
67,22,FAM,0.769,-0.001
67,23,FAM,0.770,0.000
67,24,FAM,0.770,-0.001
67,25,FAM,0.770,-0.001
67,26,FAM,0.770,0.000
67,27,FAM,0.771,0.000
67,28,FAM,0.771,0.000
67,29,FAM,0.772,0.002
67,30,FAM,0.774,0.004
67,31,FAM,0.777,0.007
67,32,FAM,0.784,0.014
67,33,FAM,0.796,0.026
67,34,FAM,0.819,0.049
67,35,FAM,0.862,0.092
67,36,FAM,0.935,0.166
67,37,FAM,1.048,0.278
67,38,FAM,1.192,0.423
67,39,FAM,1.344,0.575
67,40,FAM,1.462,0.692
68,1,FAM,0.782,0.004
68,2,FAM,0.780,0.003
68,3,FAM,0.778,0.001
68,4,FAM,0.778,0.001
68,5,FAM,0.779,0.001
68,6,FAM,0.778,0.001
68,7,FAM,0.778,0.000
68,8,FAM,0.777,0.000
68,9,FAM,0.777,-0.001
68,10,FAM,0.778,0.000
68,11,FAM,0.778,0.000
68,12,FAM,0.778,0.000
68,13,FAM,0.778,0.000
68,14,FAM,0.778,0.000
68,15,FAM,0.778,0.000
68,16,FAM,0.778,0.000
68,17,FAM,0.778,-0.001
68,18,FAM,0.777,-0.001
68,19,FAM,0.777,-0.001
68,20,FAM,0.777,-0.001
68,21,FAM,0.778,-0.001
68,22,FAM,0.777,-0.001
68,23,FAM,0.777,-0.001
68,24,FAM,0.778,-0.001
68,25,FAM,0.778,0.000
68,26,FAM,0.779,0.000
68,27,FAM,0.779,0.000
68,28,FAM,0.780,0.001
68,29,FAM,0.781,0.002
68,30,FAM,0.783,0.003
68,31,FAM,0.786,0.007
68,32,FAM,0.793,0.014
68,33,FAM,0.807,0.028
68,34,FAM,0.832,0.053
68,35,FAM,0.877,0.098
68,36,FAM,0.954,0.175
68,37,FAM,1.068,0.289
68,38,FAM,1.212,0.433
68,39,FAM,1.362,0.583
68,40,FAM,1.480,0.700
69,1,FAM,0.766,0.005
69,2,FAM,0.764,0.003
69,3,FAM,0.763,0.002
69,4,FAM,0.762,0.001
69,5,FAM,0.762,0.002
69,6,FAM,0.762,0.001
69,7,FAM,0.762,0.000
69,8,FAM,0.761,0.000
69,9,FAM,0.761,0.000
69,10,FAM,0.762,0.001
69,11,FAM,0.762,0.000
69,12,FAM,0.761,-0.001
69,13,FAM,0.760,-0.002
69,14,FAM,0.761,-0.001
69,15,FAM,0.762,0.000
69,16,FAM,0.761,-0.001
69,17,FAM,0.762,-0.001
69,18,FAM,0.761,-0.001
69,19,FAM,0.761,-0.001
69,20,FAM,0.761,-0.002
69,21,FAM,0.760,-0.002
69,22,FAM,0.761,-0.002
69,23,FAM,0.762,-0.001
69,24,FAM,0.763,0.000
69,25,FAM,0.763,0.000
69,26,FAM,0.763,0.000
69,27,FAM,0.763,0.000
69,28,FAM,0.763,0.000
69,29,FAM,0.764,0.001
69,30,FAM,0.766,0.003
69,31,FAM,0.769,0.005
69,32,FAM,0.775,0.012
69,33,FAM,0.787,0.023
69,34,FAM,0.808,0.044
69,35,FAM,0.847,0.083
69,36,FAM,0.914,0.150
69,37,FAM,1.020,0.256
69,38,FAM,1.158,0.394
69,39,FAM,1.307,0.542
69,40,FAM,1.426,0.661
70,1,FAM,0.768,0.006
70,2,FAM,0.765,0.004
70,3,FAM,0.763,0.002
70,4,FAM,0.763,0.001
70,5,FAM,0.762,0.000
70,6,FAM,0.762,0.000
70,7,FAM,0.762,-0.001
70,8,FAM,0.761,-0.001
70,9,FAM,0.761,-0.002
70,10,FAM,0.761,-0.002
70,11,FAM,0.762,-0.001
70,12,FAM,0.763,0.000
70,13,FAM,0.765,0.001
70,14,FAM,0.767,0.003
70,15,FAM,0.772,0.007
70,16,FAM,0.782,0.017
70,17,FAM,0.801,0.037
70,18,FAM,0.838,0.073
70,19,FAM,0.900,0.135
70,20,FAM,0.998,0.233
70,21,FAM,1.131,0.365
70,22,FAM,1.279,0.513
70,23,FAM,1.414,0.648
70,24,FAM,1.524,0.758
70,25,FAM,1.611,0.845
70,26,FAM,1.675,0.909
70,27,FAM,1.727,0.960
70,28,FAM,1.766,0.999
70,29,FAM,1.795,1.028
70,30,FAM,1.817,1.050
70,31,FAM,1.834,1.066
70,32,FAM,1.845,1.077
70,33,FAM,1.854,1.086
70,34,FAM,1.861,1.093
70,35,FAM,1.866,1.098
70,36,FAM,1.867,1.098
70,37,FAM,1.868,1.099
70,38,FAM,1.869,1.100
70,39,FAM,1.870,1.101
70,40,FAM,1.869,1.099
71,1,FAM,0.771,0.004
71,2,FAM,0.771,0.004
71,3,FAM,0.770,0.002
71,4,FAM,0.769,0.001
71,5,FAM,0.769,0.000
71,6,FAM,0.769,-0.001
71,7,FAM,0.769,-0.001
71,8,FAM,0.768,-0.002
71,9,FAM,0.768,-0.002
71,10,FAM,0.769,-0.002
71,11,FAM,0.771,0.000
71,12,FAM,0.771,0.000
71,13,FAM,0.772,0.001
71,14,FAM,0.776,0.003
71,15,FAM,0.780,0.008
71,16,FAM,0.791,0.018
71,17,FAM,0.810,0.036
71,18,FAM,0.846,0.072
71,19,FAM,0.908,0.134
71,20,FAM,1.007,0.232
71,21,FAM,1.141,0.366
71,22,FAM,1.289,0.513
71,23,FAM,1.426,0.650
71,24,FAM,1.538,0.762
71,25,FAM,1.625,0.849
71,26,FAM,1.696,0.919
71,27,FAM,1.749,0.971
71,28,FAM,1.787,1.009
71,29,FAM,1.816,1.038
71,30,FAM,1.838,1.059
71,31,FAM,1.849,1.070
71,32,FAM,1.861,1.081
71,33,FAM,1.871,1.091
71,34,FAM,1.878,1.097
71,35,FAM,1.882,1.102
71,36,FAM,1.885,1.104
71,37,FAM,1.887,1.105
71,38,FAM,1.888,1.106
71,39,FAM,1.888,1.106
71,40,FAM,1.890,1.107
72,1,FAM,0.823,0.003
72,2,FAM,0.823,0.003
72,3,FAM,0.822,0.002
72,4,FAM,0.821,0.001
72,5,FAM,0.821,0.000
72,6,FAM,0.820,-0.001
72,7,FAM,0.820,-0.001
72,8,FAM,0.820,-0.001
72,9,FAM,0.821,-0.001
72,10,FAM,0.821,-0.001
72,11,FAM,0.821,-0.001
72,12,FAM,0.822,-0.001
72,13,FAM,0.823,0.000
72,14,FAM,0.826,0.003
72,15,FAM,0.831,0.008
72,16,FAM,0.842,0.018
72,17,FAM,0.862,0.038
72,18,FAM,0.899,0.075
72,19,FAM,0.964,0.140
72,20,FAM,1.066,0.242
72,21,FAM,1.206,0.381
72,22,FAM,1.361,0.536
72,23,FAM,1.506,0.681
72,24,FAM,1.627,0.801
72,25,FAM,1.720,0.894
72,26,FAM,1.790,0.964
72,27,FAM,1.846,1.020
72,28,FAM,1.887,1.061
72,29,FAM,1.919,1.092
72,30,FAM,1.943,1.116
72,31,FAM,1.959,1.132
72,32,FAM,1.969,1.141
72,33,FAM,1.980,1.152
72,34,FAM,1.988,1.160
72,35,FAM,1.992,1.164
72,36,FAM,1.996,1.167
72,37,FAM,1.997,1.167
72,38,FAM,1.998,1.168
72,39,FAM,2.000,1.170
72,40,FAM,2.001,1.171
73,1,FAM,0.893,0.010
73,2,FAM,0.887,0.004
73,3,FAM,0.885,0.002
73,4,FAM,0.884,0.001
73,5,FAM,0.884,0.001
73,6,FAM,0.884,0.000
73,7,FAM,0.881,-0.002
73,8,FAM,0.881,-0.002
73,9,FAM,0.883,-0.001
73,10,FAM,0.884,0.000
73,11,FAM,0.883,0.000
73,12,FAM,0.882,-0.001
73,13,FAM,0.882,-0.002
73,14,FAM,0.883,-0.001
73,15,FAM,0.883,-0.001
73,16,FAM,0.885,0.001
73,17,FAM,0.886,0.003
73,18,FAM,0.892,0.009
73,19,FAM,0.903,0.020
73,20,FAM,0.921,0.038
73,21,FAM,0.957,0.074
73,22,FAM,1.019,0.135
73,23,FAM,1.120,0.237
73,24,FAM,1.265,0.381
73,25,FAM,1.436,0.553
73,26,FAM,1.604,0.720
73,27,FAM,1.748,0.864
73,28,FAM,1.860,0.977
73,29,FAM,1.944,1.060
73,30,FAM,2.008,1.124
73,31,FAM,2.057,1.173
73,32,FAM,2.093,1.209
73,33,FAM,2.120,1.236
73,34,FAM,2.137,1.253
73,35,FAM,2.149,1.265
73,36,FAM,2.160,1.276
73,37,FAM,2.167,1.283
73,38,FAM,2.173,1.289
73,39,FAM,2.173,1.289
73,40,FAM,2.173,1.288
74,1,FAM,0.790,0.010
74,2,FAM,0.786,0.005
74,3,FAM,0.783,0.002
74,4,FAM,0.782,0.001
74,5,FAM,0.782,0.001
74,6,FAM,0.782,0.001
74,7,FAM,0.781,0.001
74,8,FAM,0.780,-0.001
74,9,FAM,0.779,-0.002
74,10,FAM,0.779,-0.002
74,11,FAM,0.780,-0.001
74,12,FAM,0.780,-0.001
74,13,FAM,0.779,-0.001
74,14,FAM,0.780,-0.001
74,15,FAM,0.780,-0.001
74,16,FAM,0.781,0.000
74,17,FAM,0.783,0.001
74,18,FAM,0.785,0.004
74,19,FAM,0.791,0.010
74,20,FAM,0.801,0.020
74,21,FAM,0.819,0.038
74,22,FAM,0.855,0.074
74,23,FAM,0.918,0.137
74,24,FAM,1.018,0.237
74,25,FAM,1.154,0.373
74,26,FAM,1.308,0.526
74,27,FAM,1.455,0.674
74,28,FAM,1.578,0.797
74,29,FAM,1.671,0.890
74,30,FAM,1.743,0.962
74,31,FAM,1.793,1.012
74,32,FAM,1.833,1.051
74,33,FAM,1.862,1.081
74,34,FAM,1.880,1.099
74,35,FAM,1.895,1.113
74,36,FAM,1.906,1.125
74,37,FAM,1.914,1.133
74,38,FAM,1.918,1.137
74,39,FAM,1.923,1.142
74,40,FAM,1.926,1.145
75,1,FAM,0.830,0.007
75,2,FAM,0.826,0.003
75,3,FAM,0.824,0.002
75,4,FAM,0.825,0.002
75,5,FAM,0.823,0.000
75,6,FAM,0.823,0.000
75,7,FAM,0.822,-0.001
75,8,FAM,0.821,-0.002
75,9,FAM,0.821,-0.001
75,10,FAM,0.822,-0.001
75,11,FAM,0.821,-0.002
75,12,FAM,0.822,-0.001
75,13,FAM,0.822,0.000
75,14,FAM,0.822,0.000
75,15,FAM,0.823,0.001
75,16,FAM,0.823,0.001
75,17,FAM,0.825,0.003
75,18,FAM,0.829,0.007
75,19,FAM,0.837,0.014
75,20,FAM,0.852,0.029
75,21,FAM,0.879,0.056
75,22,FAM,0.928,0.106
75,23,FAM,1.012,0.190
75,24,FAM,1.136,0.313
75,25,FAM,1.293,0.470
75,26,FAM,1.456,0.633
75,27,FAM,1.600,0.778
75,28,FAM,1.713,0.890
75,29,FAM,1.798,0.976
75,30,FAM,1.860,1.037
75,31,FAM,1.906,1.084
75,32,FAM,1.942,1.119
75,33,FAM,1.969,1.147
75,34,FAM,1.988,1.166
75,35,FAM,2.001,1.179
75,36,FAM,2.011,1.189
75,37,FAM,2.017,1.194
75,38,FAM,2.024,1.201
75,39,FAM,2.028,1.206
75,40,FAM,2.029,1.207
76,1,FAM,0.778,0.009
76,2,FAM,0.774,0.004
76,3,FAM,0.772,0.002
76,4,FAM,0.771,0.002
76,5,FAM,0.770,0.001
76,6,FAM,0.770,0.001
76,7,FAM,0.770,0.000
76,8,FAM,0.769,0.000
76,9,FAM,0.769,-0.001
76,10,FAM,0.769,0.000
76,11,FAM,0.769,-0.001
76,12,FAM,0.769,-0.001
76,13,FAM,0.770,0.000
76,14,FAM,0.770,0.000
76,15,FAM,0.769,0.000
76,16,FAM,0.768,-0.001
76,17,FAM,0.768,-0.002
76,18,FAM,0.768,-0.001
76,19,FAM,0.769,-0.001
76,20,FAM,0.768,-0.002
76,21,FAM,0.768,-0.002
76,22,FAM,0.768,-0.001
76,23,FAM,0.769,-0.001
76,24,FAM,0.769,0.000
76,25,FAM,0.770,0.000
76,26,FAM,0.770,0.000
76,27,FAM,0.770,0.000
76,28,FAM,0.770,0.000
76,29,FAM,0.772,0.003
76,30,FAM,0.775,0.005
76,31,FAM,0.779,0.009
76,32,FAM,0.786,0.016
76,33,FAM,0.800,0.030
76,34,FAM,0.827,0.057
76,35,FAM,0.875,0.105
76,36,FAM,0.955,0.185
76,37,FAM,1.072,0.303
76,38,FAM,1.221,0.451
76,39,FAM,1.373,0.603
76,40,FAM,1.493,0.723
77,1,FAM,0.757,0.008
77,2,FAM,0.754,0.005
77,3,FAM,0.752,0.004
77,4,FAM,0.750,0.002
77,5,FAM,0.749,0.001
77,6,FAM,0.749,0.001
77,7,FAM,0.748,0.000
77,8,FAM,0.748,0.000
77,9,FAM,0.747,-0.001
77,10,FAM,0.747,-0.001
77,11,FAM,0.747,-0.001
77,12,FAM,0.748,0.000
77,13,FAM,0.748,0.000
77,14,FAM,0.747,-0.001
77,15,FAM,0.747,-0.001
77,16,FAM,0.747,-0.001
77,17,FAM,0.747,-0.001
77,18,FAM,0.747,-0.001
77,19,FAM,0.747,-0.001
77,20,FAM,0.746,-0.001
77,21,FAM,0.746,-0.002
77,22,FAM,0.746,-0.001
77,23,FAM,0.747,-0.001
77,24,FAM,0.747,-0.001
77,25,FAM,0.747,-0.001
77,26,FAM,0.747,-0.001
77,27,FAM,0.747,0.000
77,28,FAM,0.748,0.000
77,29,FAM,0.748,0.001
77,30,FAM,0.750,0.003
77,31,FAM,0.752,0.005
77,32,FAM,0.758,0.010
77,33,FAM,0.765,0.018
77,34,FAM,0.782,0.034
77,35,FAM,0.813,0.065
77,36,FAM,0.865,0.118
77,37,FAM,0.953,0.205
77,38,FAM,1.078,0.331
77,39,FAM,1.229,0.482
77,40,FAM,1.358,0.610
78,1,FAM,0.817,0.009
78,2,FAM,0.814,0.006
78,3,FAM,0.811,0.003
78,4,FAM,0.809,0.001
78,5,FAM,0.809,0.001
78,6,FAM,0.809,0.001
78,7,FAM,0.809,0.001
78,8,FAM,0.808,0.000
78,9,FAM,0.808,0.000
78,10,FAM,0.808,-0.001
78,11,FAM,0.807,-0.001
78,12,FAM,0.808,-0.001
78,13,FAM,0.808,0.000
78,14,FAM,0.808,0.000
78,15,FAM,0.808,-0.001
78,16,FAM,0.807,-0.001
78,17,FAM,0.807,-0.001
78,18,FAM,0.808,-0.001
78,19,FAM,0.807,-0.002
78,20,FAM,0.807,-0.002
78,21,FAM,0.808,-0.001
78,22,FAM,0.807,-0.001
78,23,FAM,0.808,-0.001
78,24,FAM,0.808,-0.001
78,25,FAM,0.809,0.000
78,26,FAM,0.809,0.000
78,27,FAM,0.810,0.000
78,28,FAM,0.810,0.001
78,29,FAM,0.810,0.001
78,30,FAM,0.812,0.002
78,31,FAM,0.814,0.005
78,32,FAM,0.819,0.010
78,33,FAM,0.829,0.020
78,34,FAM,0.847,0.038
78,35,FAM,0.881,0.072
78,36,FAM,0.941,0.131
78,37,FAM,1.037,0.228
78,38,FAM,1.176,0.366
78,39,FAM,1.337,0.527
78,40,FAM,1.472,0.662
79,1,FAM,0.773,0.009
79,2,FAM,0.769,0.005
79,3,FAM,0.766,0.002
79,4,FAM,0.766,0.001
79,5,FAM,0.766,0.001
79,6,FAM,0.766,0.001
79,7,FAM,0.765,0.000
79,8,FAM,0.765,0.000
79,9,FAM,0.765,0.000
79,10,FAM,0.765,0.000
79,11,FAM,0.765,-0.001
79,12,FAM,0.765,0.000
79,13,FAM,0.765,0.000
79,14,FAM,0.766,0.000
79,15,FAM,0.765,-0.001
79,16,FAM,0.766,-0.001
79,17,FAM,0.766,0.000
79,18,FAM,0.766,-0.001
79,19,FAM,0.765,-0.002
79,20,FAM,0.765,-0.002
79,21,FAM,0.766,-0.001
79,22,FAM,0.765,-0.002
79,23,FAM,0.766,-0.001
79,24,FAM,0.767,-0.001
79,25,FAM,0.767,-0.001
79,26,FAM,0.768,0.000
79,27,FAM,0.769,0.001
79,28,FAM,0.771,0.002
79,29,FAM,0.774,0.006
79,30,FAM,0.781,0.012
79,31,FAM,0.792,0.024
79,32,FAM,0.814,0.045
79,33,FAM,0.855,0.086
79,34,FAM,0.925,0.156
79,35,FAM,1.034,0.265
79,36,FAM,1.173,0.404
79,37,FAM,1.317,0.547
79,38,FAM,1.442,0.673
79,39,FAM,1.540,0.770
79,40,FAM,1.607,0.837
80,1,FAM,0.787,0.006
80,2,FAM,0.785,0.005
80,3,FAM,0.783,0.003
80,4,FAM,0.783,0.002
80,5,FAM,0.781,0.000
80,6,FAM,0.781,0.000
80,7,FAM,0.781,0.000
80,8,FAM,0.781,0.000
80,9,FAM,0.781,-0.001
80,10,FAM,0.782,0.000
80,11,FAM,0.782,0.000
80,12,FAM,0.781,0.000
80,13,FAM,0.781,-0.001
80,14,FAM,0.782,0.000
80,15,FAM,0.782,-0.001
80,16,FAM,0.781,-0.002
80,17,FAM,0.781,-0.001
80,18,FAM,0.781,-0.001
80,19,FAM,0.782,-0.001
80,20,FAM,0.782,-0.001
80,21,FAM,0.782,-0.001
80,22,FAM,0.783,-0.001
80,23,FAM,0.783,0.000
80,24,FAM,0.782,-0.001
80,25,FAM,0.783,0.000
80,26,FAM,0.784,0.000
80,27,FAM,0.784,0.000
80,28,FAM,0.784,0.000
80,29,FAM,0.785,0.001
80,30,FAM,0.787,0.002
80,31,FAM,0.790,0.005
80,32,FAM,0.795,0.011
80,33,FAM,0.805,0.020
80,34,FAM,0.824,0.039
80,35,FAM,0.862,0.077
80,36,FAM,0.927,0.142
80,37,FAM,1.024,0.238
80,38,FAM,1.141,0.356
80,39,FAM,1.255,0.469
80,40,FAM,1.342,0.556
81,1,FAM,0.800,0.007
81,2,FAM,0.799,0.006
81,3,FAM,0.797,0.003
81,4,FAM,0.796,0.002
81,5,FAM,0.795,0.002
81,6,FAM,0.795,0.001
81,7,FAM,0.794,0.001
81,8,FAM,0.794,0.000
81,9,FAM,0.793,-0.001
81,10,FAM,0.794,-0.001
81,11,FAM,0.794,-0.001
81,12,FAM,0.794,0.000
81,13,FAM,0.794,0.000
81,14,FAM,0.794,0.000
81,15,FAM,0.793,-0.001
81,16,FAM,0.793,-0.001
81,17,FAM,0.793,-0.002
81,18,FAM,0.793,-0.002
81,19,FAM,0.793,-0.002
81,20,FAM,0.794,-0.001
81,21,FAM,0.793,-0.002
81,22,FAM,0.794,-0.001
81,23,FAM,0.795,0.000
81,24,FAM,0.795,-0.001
81,25,FAM,0.795,-0.001
81,26,FAM,0.795,-0.001
81,27,FAM,0.796,0.000
81,28,FAM,0.797,0.001
81,29,FAM,0.798,0.001
81,30,FAM,0.799,0.002
81,31,FAM,0.802,0.005
81,32,FAM,0.807,0.010
81,33,FAM,0.818,0.021
81,34,FAM,0.836,0.040
81,35,FAM,0.872,0.075
81,36,FAM,0.934,0.137
81,37,FAM,1.025,0.228
81,38,FAM,1.130,0.333
81,39,FAM,1.230,0.432
81,40,FAM,1.307,0.509
82,1,FAM,0.786,0.004
82,2,FAM,0.785,0.003
82,3,FAM,0.784,0.001
82,4,FAM,0.783,0.000
82,5,FAM,0.782,-0.001
82,6,FAM,0.782,-0.001
82,7,FAM,0.782,-0.001
82,8,FAM,0.782,-0.001
82,9,FAM,0.784,0.000
82,10,FAM,0.786,0.002
82,11,FAM,0.792,0.007
82,12,FAM,0.802,0.017
82,13,FAM,0.820,0.034
82,14,FAM,0.852,0.067
82,15,FAM,0.911,0.125
82,16,FAM,1.006,0.220
82,17,FAM,1.137,0.351
82,18,FAM,1.285,0.499
82,19,FAM,1.423,0.636
82,20,FAM,1.541,0.754
82,21,FAM,1.632,0.845
82,22,FAM,1.705,0.917
82,23,FAM,1.761,0.973
82,24,FAM,1.805,1.017
82,25,FAM,1.837,1.049
82,26,FAM,1.861,1.072
82,27,FAM,1.880,1.091
82,28,FAM,1.894,1.105
82,29,FAM,1.903,1.114
82,30,FAM,1.909,1.120
82,31,FAM,1.913,1.123
82,32,FAM,1.916,1.126
82,33,FAM,1.919,1.128
82,34,FAM,1.920,1.129
82,35,FAM,1.924,1.132
82,36,FAM,1.925,1.134
82,37,FAM,1.926,1.134
82,38,FAM,1.925,1.133
82,39,FAM,1.926,1.134
82,40,FAM,1.927,1.135
83,1,FAM,0.757,0.003
83,2,FAM,0.757,0.002
83,3,FAM,0.757,0.001
83,4,FAM,0.756,0.001
83,5,FAM,0.755,-0.001
83,6,FAM,0.755,-0.001
83,7,FAM,0.755,-0.001
83,8,FAM,0.756,-0.001
83,9,FAM,0.757,0.000
83,10,FAM,0.760,0.002
83,11,FAM,0.764,0.006
83,12,FAM,0.773,0.015
83,13,FAM,0.791,0.032
83,14,FAM,0.824,0.065
83,15,FAM,0.882,0.123
83,16,FAM,0.975,0.215
83,17,FAM,1.103,0.343
83,18,FAM,1.245,0.485
83,19,FAM,1.376,0.616
83,20,FAM,1.487,0.727
83,21,FAM,1.576,0.815
83,22,FAM,1.644,0.883
83,23,FAM,1.697,0.935
83,24,FAM,1.738,0.976
83,25,FAM,1.769,1.006
83,26,FAM,1.791,1.029
83,27,FAM,1.807,1.044
83,28,FAM,1.820,1.057
83,29,FAM,1.829,1.066
83,30,FAM,1.836,1.072
83,31,FAM,1.840,1.076
83,32,FAM,1.843,1.079
83,33,FAM,1.846,1.081
83,34,FAM,1.847,1.082
83,35,FAM,1.847,1.082
83,36,FAM,1.848,1.082
83,37,FAM,1.849,1.083
83,38,FAM,1.849,1.082
83,39,FAM,1.849,1.082
83,40,FAM,1.848,1.081
84,1,FAM,0.819,0.002
84,2,FAM,0.818,0.001
84,3,FAM,0.818,0.001
84,4,FAM,0.819,0.001
84,5,FAM,0.817,0.000
84,6,FAM,0.817,-0.002
84,7,FAM,0.817,-0.001
84,8,FAM,0.817,-0.002
84,9,FAM,0.819,0.000
84,10,FAM,0.822,0.003
84,11,FAM,0.827,0.007
84,12,FAM,0.837,0.016
84,13,FAM,0.855,0.035
84,14,FAM,0.889,0.068
84,15,FAM,0.950,0.129
84,16,FAM,1.048,0.227
84,17,FAM,1.182,0.360
84,18,FAM,1.335,0.512
84,19,FAM,1.478,0.655
84,20,FAM,1.597,0.774
84,21,FAM,1.690,0.867
84,22,FAM,1.764,0.940
84,23,FAM,1.822,0.998
84,24,FAM,1.866,1.042
84,25,FAM,1.900,1.075
84,26,FAM,1.924,1.099
84,27,FAM,1.944,1.118
84,28,FAM,1.958,1.132
84,29,FAM,1.967,1.141
84,30,FAM,1.976,1.149
84,31,FAM,1.981,1.154
84,32,FAM,1.982,1.155
84,33,FAM,1.984,1.157
84,34,FAM,1.986,1.159
84,35,FAM,1.988,1.160
84,36,FAM,1.989,1.161
84,37,FAM,1.989,1.160
84,38,FAM,1.990,1.161
84,39,FAM,1.990,1.161
84,40,FAM,1.990,1.160
85,1,FAM,0.787,0.012
85,2,FAM,0.780,0.005
85,3,FAM,0.777,0.002
85,4,FAM,0.776,0.001
85,5,FAM,0.776,0.001
85,6,FAM,0.775,-0.001
85,7,FAM,0.774,-0.002
85,8,FAM,0.775,-0.001
85,9,FAM,0.775,-0.001
85,10,FAM,0.774,-0.002
85,11,FAM,0.774,-0.002
85,12,FAM,0.776,0.000
85,13,FAM,0.778,0.001
85,14,FAM,0.781,0.004
85,15,FAM,0.786,0.009
85,16,FAM,0.798,0.020
85,17,FAM,0.822,0.045
85,18,FAM,0.865,0.087
85,19,FAM,0.937,0.159
85,20,FAM,1.047,0.269
85,21,FAM,1.187,0.409
85,22,FAM,1.339,0.560
85,23,FAM,1.475,0.696
85,24,FAM,1.583,0.804
85,25,FAM,1.664,0.885
85,26,FAM,1.727,0.947
85,27,FAM,1.775,0.995
85,28,FAM,1.810,1.030
85,29,FAM,1.835,1.055
85,30,FAM,1.857,1.077
85,31,FAM,1.870,1.090
85,32,FAM,1.879,1.098
85,33,FAM,1.888,1.107
85,34,FAM,1.893,1.112
85,35,FAM,1.898,1.117
85,36,FAM,1.900,1.119
85,37,FAM,1.900,1.118
85,38,FAM,1.900,1.118
85,39,FAM,1.903,1.121
85,40,FAM,1.903,1.121
86,1,FAM,0.799,0.007
86,2,FAM,0.796,0.004
86,3,FAM,0.793,0.002
86,4,FAM,0.792,0.001
86,5,FAM,0.791,0.000
86,6,FAM,0.791,-0.001
86,7,FAM,0.791,0.000
86,8,FAM,0.791,0.000
86,9,FAM,0.790,-0.001
86,10,FAM,0.790,-0.002
86,11,FAM,0.790,-0.002
86,12,FAM,0.791,0.000
86,13,FAM,0.792,0.001
86,14,FAM,0.794,0.003
86,15,FAM,0.798,0.007
86,16,FAM,0.806,0.015
86,17,FAM,0.822,0.030
86,18,FAM,0.850,0.059
86,19,FAM,0.903,0.112
86,20,FAM,0.990,0.198
86,21,FAM,1.117,0.325
86,22,FAM,1.270,0.478
86,23,FAM,1.423,0.632
86,24,FAM,1.553,0.761
86,25,FAM,1.654,0.863
86,26,FAM,1.732,0.941
86,27,FAM,1.791,1.000
86,28,FAM,1.835,1.044
86,29,FAM,1.868,1.077
86,30,FAM,1.892,1.100
86,31,FAM,1.908,1.117
86,32,FAM,1.920,1.129
86,33,FAM,1.929,1.138
86,34,FAM,1.935,1.144
86,35,FAM,1.938,1.147
86,36,FAM,1.943,1.152
86,37,FAM,1.945,1.154
86,38,FAM,1.947,1.156
86,39,FAM,1.949,1.158
86,40,FAM,1.950,1.159
87,1,FAM,0.835,0.009
87,2,FAM,0.832,0.005
87,3,FAM,0.829,0.002
87,4,FAM,0.828,0.001
87,5,FAM,0.828,0.001
87,6,FAM,0.828,0.000
87,7,FAM,0.827,0.000
87,8,FAM,0.827,-0.001
87,9,FAM,0.826,-0.002
87,10,FAM,0.826,-0.003
87,11,FAM,0.827,-0.002
87,12,FAM,0.828,-0.001
87,13,FAM,0.830,0.001
87,14,FAM,0.834,0.004
87,15,FAM,0.840,0.010
87,16,FAM,0.852,0.023
87,17,FAM,0.876,0.046
87,18,FAM,0.921,0.091
87,19,FAM,0.996,0.165
87,20,FAM,1.109,0.278
87,21,FAM,1.259,0.428
87,22,FAM,1.423,0.592
87,23,FAM,1.572,0.741
87,24,FAM,1.693,0.862
87,25,FAM,1.783,0.951
87,26,FAM,1.851,1.020
87,27,FAM,1.900,1.068
87,28,FAM,1.938,1.106
87,29,FAM,1.968,1.136
87,30,FAM,1.990,1.157
87,31,FAM,2.004,1.172
87,32,FAM,2.017,1.184
87,33,FAM,2.023,1.190
87,34,FAM,2.028,1.194
87,35,FAM,2.032,1.198
87,36,FAM,2.035,1.201
87,37,FAM,2.040,1.206
87,38,FAM,2.043,1.209
87,39,FAM,2.042,1.208
87,40,FAM,2.043,1.208
88,1,FAM,0.773,0.006
88,2,FAM,0.772,0.004
88,3,FAM,0.771,0.003
88,4,FAM,0.770,0.002
88,5,FAM,0.769,0.001
88,6,FAM,0.768,0.001
88,7,FAM,0.767,-0.001
88,8,FAM,0.767,-0.001
88,9,FAM,0.767,-0.001
88,10,FAM,0.767,-0.001
88,11,FAM,0.767,-0.001
88,12,FAM,0.767,0.000
88,13,FAM,0.767,-0.001
88,14,FAM,0.768,0.000
88,15,FAM,0.768,0.000
88,16,FAM,0.767,-0.001
88,17,FAM,0.767,-0.001
88,18,FAM,0.767,-0.001
88,19,FAM,0.767,-0.001
88,20,FAM,0.766,-0.002
88,21,FAM,0.766,-0.002
88,22,FAM,0.767,-0.001
88,23,FAM,0.767,-0.001
88,24,FAM,0.767,-0.001
88,25,FAM,0.768,0.000
88,26,FAM,0.768,0.000
88,27,FAM,0.768,0.000
88,28,FAM,0.768,0.000
88,29,FAM,0.770,0.002
88,30,FAM,0.773,0.005
88,31,FAM,0.776,0.008
88,32,FAM,0.784,0.016
88,33,FAM,0.798,0.030
88,34,FAM,0.826,0.058
88,35,FAM,0.876,0.108
88,36,FAM,0.958,0.190
88,37,FAM,1.078,0.310
88,38,FAM,1.225,0.457
88,39,FAM,1.378,0.609
88,40,FAM,1.492,0.724
89,1,FAM,0.801,0.006
89,2,FAM,0.799,0.004
89,3,FAM,0.797,0.002
89,4,FAM,0.797,0.002
89,5,FAM,0.797,0.001
89,6,FAM,0.797,0.001
89,7,FAM,0.796,0.000
89,8,FAM,0.796,0.000
89,9,FAM,0.795,0.000
89,10,FAM,0.795,-0.001
89,11,FAM,0.795,-0.001
89,12,FAM,0.796,0.000
89,13,FAM,0.796,0.000
89,14,FAM,0.796,0.000
89,15,FAM,0.796,0.000
89,16,FAM,0.796,-0.001
89,17,FAM,0.795,-0.001
89,18,FAM,0.795,-0.001
89,19,FAM,0.796,-0.001
89,20,FAM,0.796,-0.001
89,21,FAM,0.795,-0.002
89,22,FAM,0.795,-0.002
89,23,FAM,0.796,-0.001
89,24,FAM,0.796,-0.001
89,25,FAM,0.796,-0.001
89,26,FAM,0.795,-0.002
89,27,FAM,0.796,-0.001
89,28,FAM,0.797,0.000
89,29,FAM,0.798,0.001
89,30,FAM,0.800,0.003
89,31,FAM,0.803,0.006
89,32,FAM,0.808,0.011
89,33,FAM,0.820,0.022
89,34,FAM,0.840,0.042
89,35,FAM,0.877,0.080
89,36,FAM,0.943,0.145
89,37,FAM,1.047,0.249
89,38,FAM,1.189,0.391
89,39,FAM,1.348,0.550
89,40,FAM,1.475,0.677
90,1,FAM,0.815,0.005
90,2,FAM,0.815,0.004
90,3,FAM,0.813,0.003
90,4,FAM,0.813,0.002
90,5,FAM,0.812,0.002
90,6,FAM,0.812,0.001
90,7,FAM,0.811,0.000
90,8,FAM,0.810,0.000
90,9,FAM,0.810,-0.001
90,10,FAM,0.810,-0.001
90,11,FAM,0.810,-0.001
90,12,FAM,0.810,-0.001
90,13,FAM,0.811,0.000
90,14,FAM,0.810,-0.001
90,15,FAM,0.811,0.000
90,16,FAM,0.810,-0.001
90,17,FAM,0.810,-0.001
90,18,FAM,0.810,-0.001
90,19,FAM,0.810,-0.001
90,20,FAM,0.810,-0.001
90,21,FAM,0.810,-0.001
90,22,FAM,0.810,-0.002
90,23,FAM,0.810,-0.001
90,24,FAM,0.811,0.000
90,25,FAM,0.811,0.000
90,26,FAM,0.811,-0.001
90,27,FAM,0.811,0.000
90,28,FAM,0.812,0.000
90,29,FAM,0.813,0.001
90,30,FAM,0.814,0.002
90,31,FAM,0.817,0.005
90,32,FAM,0.824,0.012
90,33,FAM,0.837,0.025
90,34,FAM,0.860,0.048
90,35,FAM,0.904,0.092
90,36,FAM,0.978,0.166
90,37,FAM,1.091,0.279
90,38,FAM,1.240,0.428
90,39,FAM,1.402,0.589
90,40,FAM,1.532,0.719
91,1,FAM,0.782,0.008
91,2,FAM,0.779,0.005
91,3,FAM,0.778,0.003
91,4,FAM,0.777,0.002
91,5,FAM,0.778,0.002
91,6,FAM,0.778,0.001
91,7,FAM,0.777,0.000
91,8,FAM,0.778,0.000
91,9,FAM,0.778,0.000
91,10,FAM,0.778,-0.001
91,11,FAM,0.779,-0.001
91,12,FAM,0.779,-0.001
91,13,FAM,0.780,0.000
91,14,FAM,0.780,-0.001
91,15,FAM,0.781,-0.001
91,16,FAM,0.780,-0.002
91,17,FAM,0.780,-0.002
91,18,FAM,0.781,-0.002
91,19,FAM,0.782,-0.002
91,20,FAM,0.783,-0.001
91,21,FAM,0.784,-0.001
91,22,FAM,0.784,-0.001
91,23,FAM,0.785,-0.001
91,24,FAM,0.786,0.000
91,25,FAM,0.787,0.000
91,26,FAM,0.788,0.001
91,27,FAM,0.789,0.001
91,28,FAM,0.792,0.003
91,29,FAM,0.795,0.006
91,30,FAM,0.801,0.011
91,31,FAM,0.810,0.020
91,32,FAM,0.828,0.037
91,33,FAM,0.861,0.069
91,34,FAM,0.909,0.117
91,35,FAM,0.968,0.175
91,36,FAM,1.029,0.235
91,37,FAM,1.086,0.292
91,38,FAM,1.140,0.346
91,39,FAM,1.191,0.396
91,40,FAM,1.230,0.435
92,1,FAM,0.806,0.006
92,2,FAM,0.805,0.005
92,3,FAM,0.804,0.004
92,4,FAM,0.804,0.003
92,5,FAM,0.804,0.003
92,6,FAM,0.804,0.001
92,7,FAM,0.803,0.000
92,8,FAM,0.803,0.000
92,9,FAM,0.803,-0.001
92,10,FAM,0.804,-0.001
92,11,FAM,0.803,-0.002
92,12,FAM,0.804,-0.001
92,13,FAM,0.805,-0.001
92,14,FAM,0.806,-0.001
92,15,FAM,0.805,-0.003
92,16,FAM,0.806,-0.002
92,17,FAM,0.807,-0.002
92,18,FAM,0.807,-0.002
92,19,FAM,0.808,-0.001
92,20,FAM,0.809,-0.001
92,21,FAM,0.809,-0.002
92,22,FAM,0.810,-0.001
92,23,FAM,0.811,-0.001
92,24,FAM,0.812,-0.001
92,25,FAM,0.812,-0.001
92,26,FAM,0.813,0.000
92,27,FAM,0.815,0.001
92,28,FAM,0.816,0.002
92,29,FAM,0.818,0.003
92,30,FAM,0.822,0.007
92,31,FAM,0.829,0.013
92,32,FAM,0.842,0.025
92,33,FAM,0.862,0.045
92,34,FAM,0.893,0.075
92,35,FAM,0.934,0.116
92,36,FAM,0.979,0.160
92,37,FAM,1.023,0.203
92,38,FAM,1.064,0.244
92,39,FAM,1.104,0.283
92,40,FAM,1.137,0.315
93,1,FAM,0.808,0.006
93,2,FAM,0.807,0.005
93,3,FAM,0.807,0.004
93,4,FAM,0.807,0.003
93,5,FAM,0.806,0.002
93,6,FAM,0.805,0.000
93,7,FAM,0.806,0.000
93,8,FAM,0.805,-0.001
93,9,FAM,0.806,-0.001
93,10,FAM,0.807,-0.001
93,11,FAM,0.808,0.000
93,12,FAM,0.809,0.000
93,13,FAM,0.809,-0.001
93,14,FAM,0.809,-0.002
93,15,FAM,0.810,-0.001
93,16,FAM,0.811,-0.001
93,17,FAM,0.811,-0.001
93,18,FAM,0.811,-0.002
93,19,FAM,0.811,-0.002
93,20,FAM,0.812,-0.002
93,21,FAM,0.813,-0.002
93,22,FAM,0.814,-0.002
93,23,FAM,0.815,-0.001
93,24,FAM,0.816,-0.001
93,25,FAM,0.817,0.000
93,26,FAM,0.819,0.001
93,27,FAM,0.821,0.002
93,28,FAM,0.823,0.003
93,29,FAM,0.826,0.006
93,30,FAM,0.832,0.011
93,31,FAM,0.842,0.021
93,32,FAM,0.861,0.038
93,33,FAM,0.889,0.066
93,34,FAM,0.926,0.103
93,35,FAM,0.968,0.144
93,36,FAM,1.010,0.185
93,37,FAM,1.050,0.225
93,38,FAM,1.088,0.262
93,39,FAM,1.124,0.297
93,40,FAM,1.152,0.324
94,1,FAM,0.795,0.001
94,2,FAM,0.795,0.001
94,3,FAM,0.796,0.001
94,4,FAM,0.796,0.001
94,5,FAM,0.795,0.001
94,6,FAM,0.795,0.000
94,7,FAM,0.794,-0.001
94,8,FAM,0.793,-0.002
94,9,FAM,0.794,-0.001
94,10,FAM,0.795,-0.001
94,11,FAM,0.795,-0.001
94,12,FAM,0.796,0.000
94,13,FAM,0.799,0.003
94,14,FAM,0.802,0.006
94,15,FAM,0.809,0.013
94,16,FAM,0.822,0.026
94,17,FAM,0.848,0.051
94,18,FAM,0.892,0.095
94,19,FAM,0.968,0.171
94,20,FAM,1.082,0.284
94,21,FAM,1.225,0.427
94,22,FAM,1.370,0.573
94,23,FAM,1.500,0.702
94,24,FAM,1.606,0.808
94,25,FAM,1.688,0.890
94,26,FAM,1.749,0.951
94,27,FAM,1.797,0.999
94,28,FAM,1.834,1.036
94,29,FAM,1.861,1.062
94,30,FAM,1.882,1.083
94,31,FAM,1.898,1.099
94,32,FAM,1.910,1.110
94,33,FAM,1.919,1.119
94,34,FAM,1.924,1.124
94,35,FAM,1.929,1.129
94,36,FAM,1.930,1.131
94,37,FAM,1.933,1.133
94,38,FAM,1.935,1.135
94,39,FAM,1.936,1.136
94,40,FAM,1.937,1.136
95,1,FAM,0.820,0.003
95,2,FAM,0.820,0.003
95,3,FAM,0.819,0.001
95,4,FAM,0.819,0.001
95,5,FAM,0.818,0.000
95,6,FAM,0.818,-0.001
95,7,FAM,0.818,-0.001
95,8,FAM,0.818,-0.001
95,9,FAM,0.817,-0.002
95,10,FAM,0.818,-0.001
95,11,FAM,0.820,0.000
95,12,FAM,0.820,0.000
95,13,FAM,0.822,0.002
95,14,FAM,0.826,0.006
95,15,FAM,0.834,0.013
95,16,FAM,0.848,0.027
95,17,FAM,0.874,0.053
95,18,FAM,0.922,0.101
95,19,FAM,1.002,0.181
95,20,FAM,1.123,0.301
95,21,FAM,1.273,0.450
95,22,FAM,1.424,0.602
95,23,FAM,1.554,0.731
95,24,FAM,1.659,0.836
95,25,FAM,1.741,0.918
95,26,FAM,1.803,0.979
95,27,FAM,1.852,1.029
95,28,FAM,1.888,1.064
95,29,FAM,1.915,1.090
95,30,FAM,1.935,1.111
95,31,FAM,1.952,1.127
95,32,FAM,1.960,1.136
95,33,FAM,1.970,1.145
95,34,FAM,1.976,1.151
95,35,FAM,1.980,1.154
95,36,FAM,1.982,1.156
95,37,FAM,1.984,1.158
95,38,FAM,1.986,1.160
95,39,FAM,1.988,1.161
95,40,FAM,1.986,1.159
96,1,FAM,0.862,0.001
96,2,FAM,0.862,0.001
96,3,FAM,0.863,0.001
96,4,FAM,0.862,0.001
96,5,FAM,0.861,0.000
96,6,FAM,0.861,-0.001
96,7,FAM,0.862,-0.001
96,8,FAM,0.863,0.000
96,9,FAM,0.863,0.000
96,10,FAM,0.863,0.000
96,11,FAM,0.863,-0.001
96,12,FAM,0.864,0.000
96,13,FAM,0.867,0.002
96,14,FAM,0.871,0.006
96,15,FAM,0.878,0.013
96,16,FAM,0.893,0.027
96,17,FAM,0.921,0.055
96,18,FAM,0.972,0.105
96,19,FAM,1.057,0.190
96,20,FAM,1.182,0.315
96,21,FAM,1.336,0.468
96,22,FAM,1.493,0.625
96,23,FAM,1.632,0.763
96,24,FAM,1.740,0.872
96,25,FAM,1.827,0.958
96,26,FAM,1.894,1.024
96,27,FAM,1.946,1.077
96,28,FAM,1.987,1.117
96,29,FAM,2.014,1.143
96,30,FAM,2.034,1.164
96,31,FAM,2.052,1.181
96,32,FAM,2.065,1.193
96,33,FAM,2.070,1.198
96,34,FAM,2.075,1.203
96,35,FAM,2.080,1.208
96,36,FAM,2.085,1.212
96,37,FAM,2.089,1.216
96,38,FAM,2.090,1.216
96,39,FAM,2.092,1.218
96,40,FAM,2.090,1.216